framework,pde,model,setting,size,split,mean_relative_error,std_relative_error,predict_time_seconds,n_eval,ood_file,n_train,n_params,train_time_seconds,epochs,lr,batch_size,num_trunk,num_branch,num_leaf
Framework2,Conservation_law,deeponet_nocoef,DeepONet (no coeff),small,test,0.0677047073841095,0.0280596688389778,0.2337828036397695,4000,,10000,293450,226.78897347301245,200,0.001,64,50,50,
Framework2,Conservation_law,deeponet_nocoef,DeepONet (no coeff),small,ood,0.0848875939846038,0.0415722467005252,0.1734835710376501,4000,ood.h5,10000,293450,226.78897347301245,200,0.001,64,50,50,
Framework2,Conservation_law,deeponet_nocoef,DeepONet (no coeff),small,ood,0.1055128201842308,0.036259151995182,0.1750320270657539,4000,ood_init_GP.h5,10000,293450,226.78897347301245,200,0.001,64,50,50,
Framework2,Conservation_law,deeponet_nocoef,DeepONet (no coeff),small,ood,0.0835999324917793,0.0228796917945146,0.1739873010665178,4000,ood_init_amp.h5,10000,293450,226.78897347301245,200,0.001,64,50,50,
Framework2,Conservation_law,deeponet_nocoef,DeepONet (no coeff),small,ood,0.0848875939846038,0.0415722467005252,0.1798830274492502,4000,ood_par.h5,10000,293450,226.78897347301245,200,0.001,64,50,50,
Framework2,Conservation_law,deeponet_nocoef,DeepONet (no coeff),small,ood,0.1469612270593643,0.0645804479718208,0.1736910752952098,4000,ood_par_init_GP.h5,10000,293450,226.78897347301245,200,0.001,64,50,50,
Framework2,Conservation_law,deeponet_nocoef,DeepONet (no coeff),small,ood,0.0922898575663566,0.0303363054990768,0.1753685437142849,4000,ood_par_init_amp.h5,10000,293450,226.78897347301245,200,0.001,64,50,50,
Framework2,Conservation_law,deeponet_nocoef,DeepONet (no coeff),medium,test,0.0721730664372444,0.0304390750825405,0.2027407381683588,4000,,10000,2146900,225.2814033012837,200,0.001,64,100,100,
Framework2,Conservation_law,deeponet_nocoef,DeepONet (no coeff),medium,ood,0.0865052491426467,0.0403981804847717,0.1834749691188335,4000,ood.h5,10000,2146900,225.2814033012837,200,0.001,64,100,100,
Framework2,Conservation_law,deeponet_nocoef,DeepONet (no coeff),medium,ood,0.1203732267022132,0.0375937409698963,0.192882539704442,4000,ood_init_GP.h5,10000,2146900,225.2814033012837,200,0.001,64,100,100,
Framework2,Conservation_law,deeponet_nocoef,DeepONet (no coeff),medium,ood,0.0856677368283271,0.0234435703605413,0.1780180558562278,4000,ood_init_amp.h5,10000,2146900,225.2814033012837,200,0.001,64,100,100,
Framework2,Conservation_law,deeponet_nocoef,DeepONet (no coeff),medium,ood,0.0865052491426467,0.0403981804847717,0.1976520325988531,4000,ood_par.h5,10000,2146900,225.2814033012837,200,0.001,64,100,100,
Framework2,Conservation_law,deeponet_nocoef,DeepONet (no coeff),medium,ood,0.1580608189105987,0.0636193454265594,0.1925266720354557,4000,ood_par_init_GP.h5,10000,2146900,225.2814033012837,200,0.001,64,100,100,
Framework2,Conservation_law,deeponet_nocoef,DeepONet (no coeff),medium,ood,0.0939722284674644,0.0308399274945259,0.1834107786417007,4000,ood_par_init_amp.h5,10000,2146900,225.2814033012837,200,0.001,64,100,100,
Framework2,Conservation_law,deeponet_nocoef,DeepONet (no coeff),large,test,0.0871382728219032,0.0306475795805454,0.2019892670214176,4000,,10000,9478750,230.09545962139964,200,0.001,64,150,150,
Framework2,Conservation_law,deeponet_nocoef,DeepONet (no coeff),large,ood,0.1017508581280708,0.0410252399742603,0.1858617290854454,4000,ood.h5,10000,9478750,230.09545962139964,200,0.001,64,150,150,
Framework2,Conservation_law,deeponet_nocoef,DeepONet (no coeff),large,ood,0.1361609399318695,0.0296717137098312,0.1837008539587259,4000,ood_init_GP.h5,10000,9478750,230.09545962139964,200,0.001,64,150,150,
Framework2,Conservation_law,deeponet_nocoef,DeepONet (no coeff),large,ood,0.0912245586514473,0.0231483168900012,0.1821233183145523,4000,ood_init_amp.h5,10000,9478750,230.09545962139964,200,0.001,64,150,150,
Framework2,Conservation_law,deeponet_nocoef,DeepONet (no coeff),large,ood,0.1017508581280708,0.0410252399742603,0.1921558678150177,4000,ood_par.h5,10000,9478750,230.09545962139964,200,0.001,64,150,150,
Framework2,Conservation_law,deeponet_nocoef,DeepONet (no coeff),large,ood,0.1676277369260788,0.0542282611131668,0.1839394681155681,4000,ood_par_init_GP.h5,10000,9478750,230.09545962139964,200,0.001,64,150,150,
Framework2,Conservation_law,deeponet_nocoef,DeepONet (no coeff),large,ood,0.0988655537366867,0.0300196576863527,0.1837839875370264,4000,ood_par_init_amp.h5,10000,9478750,230.09545962139964,200,0.001,64,150,150,
Framework2,Conservation_law,deeponet,DeepONet (coeff concat),small,test,0.0442493706941604,0.0091946078464388,0.8320819549262524,4000,,10000,293850,397.4573497325182,200,0.001,64,50,50,
Framework2,Conservation_law,deeponet,DeepONet (coeff concat),small,ood,0.0488370321691036,0.0122300228103995,0.8263232670724392,4000,ood.h5,10000,293850,397.4573497325182,200,0.001,64,50,50,
Framework2,Conservation_law,deeponet,DeepONet (coeff concat),small,ood,0.0622326582670211,0.0168243926018476,0.8256860543042421,4000,ood_init_GP.h5,10000,293850,397.4573497325182,200,0.001,64,50,50,
Framework2,Conservation_law,deeponet,DeepONet (coeff concat),small,ood,0.0765664801001548,0.0211481675505638,0.8293025884777308,4000,ood_init_amp.h5,10000,293850,397.4573497325182,200,0.001,64,50,50,
Framework2,Conservation_law,deeponet,DeepONet (coeff concat),small,ood,0.0488370321691036,0.0122300228103995,0.8267321810126305,4000,ood_par.h5,10000,293850,397.4573497325182,200,0.001,64,50,50,
Framework2,Conservation_law,deeponet,DeepONet (coeff concat),small,ood,0.0691593736410141,0.0261172149330377,0.8259283192455769,4000,ood_par_init_GP.h5,10000,293850,397.4573497325182,200,0.001,64,50,50,
Framework2,Conservation_law,deeponet,DeepONet (coeff concat),small,ood,0.0783100202679634,0.021015603095293,0.8253586683422327,4000,ood_par_init_amp.h5,10000,293850,397.4573497325182,200,0.001,64,50,50,
Framework2,Conservation_law,deeponet,DeepONet (coeff concat),medium,test,0.0546528398990631,0.0115578826516866,3.801777785643935,4000,,10000,2147700,1127.221938436851,200,0.001,64,100,100,
Framework2,Conservation_law,deeponet,DeepONet (coeff concat),medium,ood,0.0600054562091827,0.0150119476020336,3.768553595989943,4000,ood.h5,10000,2147700,1127.221938436851,200,0.001,64,100,100,
Framework2,Conservation_law,deeponet,DeepONet (coeff concat),medium,ood,0.0781921222805976,0.0163920223712921,3.777491280809045,4000,ood_init_GP.h5,10000,2147700,1127.221938436851,200,0.001,64,100,100,
Framework2,Conservation_law,deeponet,DeepONet (coeff concat),medium,ood,0.0832376927137374,0.0220404863357543,3.7765311431139703,4000,ood_init_amp.h5,10000,2147700,1127.221938436851,200,0.001,64,100,100,
Framework2,Conservation_law,deeponet,DeepONet (coeff concat),medium,ood,0.0600054562091827,0.0150119476020336,3.7687900941818953,4000,ood_par.h5,10000,2147700,1127.221938436851,200,0.001,64,100,100,
Framework2,Conservation_law,deeponet,DeepONet (coeff concat),medium,ood,0.0834680423140525,0.0232454817742109,3.7814894132316113,4000,ood_par_init_GP.h5,10000,2147700,1127.221938436851,200,0.001,64,100,100,
Framework2,Conservation_law,deeponet,DeepONet (coeff concat),medium,ood,0.0851829349994659,0.0221337657421827,3.781951535493136,4000,ood_par_init_amp.h5,10000,2147700,1127.221938436851,200,0.001,64,100,100,
Framework2,Conservation_law,deeponet,DeepONet (coeff concat),large,test,0.0516633614897728,0.0136227272450923,13.750478643923998,4000,,10000,9480350,3106.8259062170982,200,0.001,64,150,150,
Framework2,Conservation_law,deeponet,DeepONet (coeff concat),large,ood,0.0572101920843124,0.0160809122025966,12.98304389975965,4000,ood.h5,10000,9480350,3106.8259062170982,200,0.001,64,150,150,
Framework2,Conservation_law,deeponet,DeepONet (coeff concat),large,ood,0.0780471041798591,0.0178513806313276,12.975224927067757,4000,ood_init_GP.h5,10000,9480350,3106.8259062170982,200,0.001,64,150,150,
Framework2,Conservation_law,deeponet,DeepONet (coeff concat),large,ood,0.0777605772018432,0.0200359169393777,12.96614422276616,4000,ood_init_amp.h5,10000,9480350,3106.8259062170982,200,0.001,64,150,150,
Framework2,Conservation_law,deeponet,DeepONet (coeff concat),large,ood,0.0572101920843124,0.0160809122025966,12.961641931906344,4000,ood_par.h5,10000,9480350,3106.8259062170982,200,0.001,64,150,150,
Framework2,Conservation_law,deeponet,DeepONet (coeff concat),large,ood,0.0831300318241119,0.0232935901731252,12.964918723329902,4000,ood_par_init_GP.h5,10000,9480350,3106.8259062170982,200,0.001,64,150,150,
Framework2,Conservation_law,deeponet,DeepONet (coeff concat),large,ood,0.0801429823040962,0.0203920304775238,12.965721419081092,4000,ood_par_init_amp.h5,10000,9480350,3106.8259062170982,200,0.001,64,150,150,
Framework2,Conservation_law,mionet,MIONet,small,test,0.0528056547045707,0.0127346590161323,0.1968591790646314,4000,,10000,63393,227.4603456407785,200,0.001,64,50,50,
Framework2,Conservation_law,mionet,MIONet,small,ood,0.0685982331633567,0.0329512134194374,0.1785636208951473,4000,ood.h5,10000,63393,227.4603456407785,200,0.001,64,50,50,
Framework2,Conservation_law,mionet,MIONet,small,ood,0.0793558806180954,0.0198626369237899,0.1848099920898676,4000,ood_init_GP.h5,10000,63393,227.4603456407785,200,0.001,64,50,50,
Framework2,Conservation_law,mionet,MIONet,small,ood,0.0740681737661361,0.0180411282926797,0.215071190148592,4000,ood_init_amp.h5,10000,63393,227.4603456407785,200,0.001,64,50,50,
Framework2,Conservation_law,mionet,MIONet,small,ood,0.0685982331633567,0.0329512134194374,0.1787062752991914,4000,ood_par.h5,10000,63393,227.4603456407785,200,0.001,64,50,50,
Framework2,Conservation_law,mionet,MIONet,small,ood,0.105511300265789,0.055695716291666,0.1835236381739378,4000,ood_par_init_GP.h5,10000,63393,227.4603456407785,200,0.001,64,50,50,
Framework2,Conservation_law,mionet,MIONet,small,ood,0.0807302594184875,0.0238998588174581,0.1804304476827383,4000,ood_par_init_amp.h5,10000,63393,227.4603456407785,200,0.001,64,50,50,
Framework2,Conservation_law,mionet,MIONet,medium,test,0.0401832722127437,0.009639648720622,0.175611300393939,4000,,10000,225185,220.9720347058028,200,0.001,64,100,100,
Framework2,Conservation_law,mionet,MIONet,medium,ood,0.0608114078640937,0.0399009771645069,0.185572363436222,4000,ood.h5,10000,225185,220.9720347058028,200,0.001,64,100,100,
Framework2,Conservation_law,mionet,MIONet,medium,ood,0.0599468201398849,0.0149157410487532,0.1731584630906582,4000,ood_init_GP.h5,10000,225185,220.9720347058028,200,0.001,64,100,100,
Framework2,Conservation_law,mionet,MIONet,medium,ood,0.0714840218424797,0.0200562924146652,0.1769082695245742,4000,ood_init_amp.h5,10000,225185,220.9720347058028,200,0.001,64,100,100,
Framework2,Conservation_law,mionet,MIONet,medium,ood,0.0608114078640937,0.0399009771645069,0.1745419036597013,4000,ood_par.h5,10000,225185,220.9720347058028,200,0.001,64,100,100,
Framework2,Conservation_law,mionet,MIONet,medium,ood,0.0923776254057884,0.0653233081102371,0.1736999116837978,4000,ood_par_init_GP.h5,10000,225185,220.9720347058028,200,0.001,64,100,100,
Framework2,Conservation_law,mionet,MIONet,medium,ood,0.0780635997653007,0.0248150154948234,0.1740425080060959,4000,ood_par_init_amp.h5,10000,225185,220.9720347058028,200,0.001,64,100,100,
Framework2,Conservation_law,mionet,MIONet,large,test,0.0387777537107467,0.0096970051527023,0.1800441164523363,4000,,10000,843969,229.65013477951288,200,0.001,64,150,150,
Framework2,Conservation_law,mionet,MIONet,large,ood,0.0528677813708782,0.0290235169231891,0.1825739238411188,4000,ood.h5,10000,843969,229.65013477951288,200,0.001,64,150,150,
Framework2,Conservation_law,mionet,MIONet,large,ood,0.0594102479517459,0.0144699430093169,0.180067665874958,4000,ood_init_GP.h5,10000,843969,229.65013477951288,200,0.001,64,150,150,
Framework2,Conservation_law,mionet,MIONet,large,ood,0.071071058511734,0.0210363306105136,0.1782617066055536,4000,ood_init_amp.h5,10000,843969,229.65013477951288,200,0.001,64,150,150,
Framework2,Conservation_law,mionet,MIONet,large,ood,0.0528677813708782,0.0290235169231891,0.1793118715286255,4000,ood_par.h5,10000,843969,229.65013477951288,200,0.001,64,150,150,
Framework2,Conservation_law,mionet,MIONet,large,ood,0.0840733125805854,0.0495961159467697,0.1773311048746109,4000,ood_par_init_GP.h5,10000,843969,229.65013477951288,200,0.001,64,150,150,
Framework2,Conservation_law,mionet,MIONet,large,ood,0.0756157413125038,0.0232952386140823,0.1776702273637056,4000,ood_par_init_amp.h5,10000,843969,229.65013477951288,200,0.001,64,150,150,
Framework2,Conservation_law,mno,MNO,small,test,0.0862641483545303,0.0302851665765047,0.1918528079986572,4000,,10000,572105,266.1525804642588,200,0.001,64,20,10,5.0
Framework2,Conservation_law,mno,MNO,small,ood,0.0982796028256416,0.0366470925509929,0.1865056399255991,4000,ood.h5,10000,572105,266.1525804642588,200,0.001,64,20,10,5.0
Framework2,Conservation_law,mno,MNO,small,ood,0.1334061026573181,0.0376833938062191,0.1877962592989206,4000,ood_init_GP.h5,10000,572105,266.1525804642588,200,0.001,64,20,10,5.0
Framework2,Conservation_law,mno,MNO,small,ood,0.0896027162671089,0.0242270939052104,0.1875513046979904,4000,ood_init_amp.h5,10000,572105,266.1525804642588,200,0.001,64,20,10,5.0
Framework2,Conservation_law,mno,MNO,small,ood,0.0982796028256416,0.0366470925509929,0.1883197408169508,4000,ood_par.h5,10000,572105,266.1525804642588,200,0.001,64,20,10,5.0
Framework2,Conservation_law,mno,MNO,small,ood,0.1643989384174347,0.0578536503016948,0.1877954192459583,4000,ood_par_init_GP.h5,10000,572105,266.1525804642588,200,0.001,64,20,10,5.0
Framework2,Conservation_law,mno,MNO,small,ood,0.0966320037841796,0.0298768132925033,0.188520360738039,4000,ood_par_init_amp.h5,10000,572105,266.1525804642588,200,0.001,64,20,10,5.0
Framework2,Conservation_law,mno,MNO,medium,test,0.0432822592556476,0.0129497423768043,0.1946992110460996,4000,,10000,1199210,255.8336471002549,200,0.001,64,20,20,10.0
Framework2,Conservation_law,mno,MNO,medium,ood,0.0571477338671684,0.0274457354098558,0.1892913021147251,4000,ood.h5,10000,1199210,255.8336471002549,200,0.001,64,20,20,10.0
Framework2,Conservation_law,mno,MNO,medium,ood,0.0672156065702438,0.0202273968607187,0.1897063590586185,4000,ood_init_GP.h5,10000,1199210,255.8336471002549,200,0.001,64,20,20,10.0
Framework2,Conservation_law,mno,MNO,medium,ood,0.0726658776402473,0.0204147398471832,0.1888149324804544,4000,ood_init_amp.h5,10000,1199210,255.8336471002549,200,0.001,64,20,20,10.0
Framework2,Conservation_law,mno,MNO,medium,ood,0.0571477338671684,0.0274457354098558,0.189274413511157,4000,ood_par.h5,10000,1199210,255.8336471002549,200,0.001,64,20,20,10.0
Framework2,Conservation_law,mno,MNO,medium,ood,0.0937918871641159,0.044906597584486,0.1901043131947517,4000,ood_par_init_GP.h5,10000,1199210,255.8336471002549,200,0.001,64,20,20,10.0
Framework2,Conservation_law,mno,MNO,medium,ood,0.0779308900237083,0.0230378732085227,0.1889623180031776,4000,ood_par_init_amp.h5,10000,1199210,255.8336471002549,200,0.001,64,20,20,10.0
Framework2,Conservation_law,mno,MNO,large,test,0.0328866355121135,0.0105225164443254,0.2106003127992153,4000,,10000,16677840,269.28776163235307,200,0.001,64,20,100,40.0
Framework2,Conservation_law,mno,MNO,large,ood,0.0479106344282627,0.0287685338407754,0.2088923435658216,4000,ood.h5,10000,16677840,269.28776163235307,200,0.001,64,20,100,40.0
Framework2,Conservation_law,mno,MNO,large,ood,0.0545463934540748,0.0171350762248039,0.2058131322264671,4000,ood_init_GP.h5,10000,16677840,269.28776163235307,200,0.001,64,20,100,40.0
Framework2,Conservation_law,mno,MNO,large,ood,0.0704473480582237,0.0210665706545114,0.206693897023797,4000,ood_init_amp.h5,10000,16677840,269.28776163235307,200,0.001,64,20,100,40.0
Framework2,Conservation_law,mno,MNO,large,ood,0.0479106344282627,0.0287685338407754,0.2065809369087219,4000,ood_par.h5,10000,16677840,269.28776163235307,200,0.001,64,20,100,40.0
Framework2,Conservation_law,mno,MNO,large,ood,0.0825327336788177,0.0495977140963077,0.2057711984962225,4000,ood_par_init_GP.h5,10000,16677840,269.28776163235307,200,0.001,64,20,100,40.0
Framework2,Conservation_law,mno,MNO,large,ood,0.0749521851539611,0.022972572594881,0.2058733440935611,4000,ood_par_init_amp.h5,10000,16677840,269.28776163235307,200,0.001,64,20,100,40.0
Framework2,DiffReacAdv,deeponet_nocoef,DeepONet (no coeff),small,test,0.1314268857240677,0.0511091314256191,0.1785671003162861,4000,,10000,293450,220.2503940425813,200,0.001,64,50,50,
Framework2,DiffReacAdv,deeponet_nocoef,DeepONet (no coeff),small,ood,0.1597866863012313,0.0683198198676109,0.1762499306350946,4000,ood.h5,10000,293450,220.2503940425813,200,0.001,64,50,50,
Framework2,DiffReacAdv,deeponet_nocoef,DeepONet (no coeff),small,ood,0.1532853096723556,0.0618004016578197,0.1773014012724161,4000,ood_init_GP.h5,10000,293450,220.2503940425813,200,0.001,64,50,50,
Framework2,DiffReacAdv,deeponet_nocoef,DeepONet (no coeff),small,ood,0.1375608295202255,0.0452172309160232,0.1732934117317199,4000,ood_init_amp.h5,10000,293450,220.2503940425813,200,0.001,64,50,50,
Framework2,DiffReacAdv,deeponet_nocoef,DeepONet (no coeff),small,ood,0.1597866863012313,0.0683198198676109,0.1753575634211301,4000,ood_par.h5,10000,293450,220.2503940425813,200,0.001,64,50,50,
Framework2,DiffReacAdv,deeponet_nocoef,DeepONet (no coeff),small,ood,0.213713526725769,0.0938288569450378,0.1797310505062341,4000,ood_par_init_GP.h5,10000,293450,220.2503940425813,200,0.001,64,50,50,
Framework2,DiffReacAdv,deeponet_nocoef,DeepONet (no coeff),small,ood,0.1540558487176895,0.0529760755598545,0.1736543085426092,4000,ood_par_init_amp.h5,10000,293450,220.2503940425813,200,0.001,64,50,50,
Framework2,DiffReacAdv,deeponet_nocoef,DeepONet (no coeff),medium,test,0.1364013403654098,0.0552075207233428,0.1790738031268119,4000,,10000,2146900,220.24801000766456,200,0.001,64,100,100,
Framework2,DiffReacAdv,deeponet_nocoef,DeepONet (no coeff),medium,ood,0.1564495712518692,0.0678220987319946,0.1784903164952993,4000,ood.h5,10000,2146900,220.24801000766456,200,0.001,64,100,100,
Framework2,DiffReacAdv,deeponet_nocoef,DeepONet (no coeff),medium,ood,0.1487016528844833,0.0542498230934143,0.1767778545618057,4000,ood_init_GP.h5,10000,2146900,220.24801000766456,200,0.001,64,100,100,
Framework2,DiffReacAdv,deeponet_nocoef,DeepONet (no coeff),medium,ood,0.1392364352941513,0.0462399050593376,0.1780245155096054,4000,ood_init_amp.h5,10000,2146900,220.24801000766456,200,0.001,64,100,100,
Framework2,DiffReacAdv,deeponet_nocoef,DeepONet (no coeff),medium,ood,0.1564495712518692,0.0678220987319946,0.176915967836976,4000,ood_par.h5,10000,2146900,220.24801000766456,200,0.001,64,100,100,
Framework2,DiffReacAdv,deeponet_nocoef,DeepONet (no coeff),medium,ood,0.2089379727840423,0.0868883952498436,0.1786137875169515,4000,ood_par_init_GP.h5,10000,2146900,220.24801000766456,200,0.001,64,100,100,
Framework2,DiffReacAdv,deeponet_nocoef,DeepONet (no coeff),medium,ood,0.1554720252752304,0.0534408092498779,0.1787144467234611,4000,ood_par_init_amp.h5,10000,2146900,220.24801000766456,200,0.001,64,100,100,
Framework2,DiffReacAdv,deeponet_nocoef,DeepONet (no coeff),large,test,0.1407876908779144,0.0548700131475925,0.1867426373064518,4000,,10000,9478750,214.42707425542176,200,0.001,64,150,150,
Framework2,DiffReacAdv,deeponet_nocoef,DeepONet (no coeff),large,ood,0.1672622710466385,0.071994848549366,0.1841765400022268,4000,ood.h5,10000,9478750,214.42707425542176,200,0.001,64,150,150,
Framework2,DiffReacAdv,deeponet_nocoef,DeepONet (no coeff),large,ood,0.148049309849739,0.04784582182765,0.1826598662883043,4000,ood_init_GP.h5,10000,9478750,214.42707425542176,200,0.001,64,150,150,
Framework2,DiffReacAdv,deeponet_nocoef,DeepONet (no coeff),large,ood,0.1345820128917694,0.0465374626219272,0.1820185836404562,4000,ood_init_amp.h5,10000,9478750,214.42707425542176,200,0.001,64,150,150,
Framework2,DiffReacAdv,deeponet_nocoef,DeepONet (no coeff),large,ood,0.1672622710466385,0.071994848549366,0.1815215237438678,4000,ood_par.h5,10000,9478750,214.42707425542176,200,0.001,64,150,150,
Framework2,DiffReacAdv,deeponet_nocoef,DeepONet (no coeff),large,ood,0.2071674466133117,0.0843637883663177,0.1857548672705888,4000,ood_par_init_GP.h5,10000,9478750,214.42707425542176,200,0.001,64,150,150,
Framework2,DiffReacAdv,deeponet_nocoef,DeepONet (no coeff),large,ood,0.1517778486013412,0.0534456521272659,0.183017361909151,4000,ood_par_init_amp.h5,10000,9478750,214.42707425542176,200,0.001,64,150,150,
Framework2,DiffReacAdv,deeponet,DeepONet (coeff concat),small,test,0.0345784686505794,0.0072805089876055,0.8317251931875944,4000,,10000,293950,394.3528678976,200,0.001,64,50,50,
Framework2,DiffReacAdv,deeponet,DeepONet (coeff concat),small,ood,0.0591062679886817,0.0331754051148891,0.8268280699849129,4000,ood.h5,10000,293950,394.3528678976,200,0.001,64,50,50,
Framework2,DiffReacAdv,deeponet,DeepONet (coeff concat),small,ood,0.0365485288202762,0.0096568968147039,0.8269963208585978,4000,ood_init_GP.h5,10000,293950,394.3528678976,200,0.001,64,50,50,
Framework2,DiffReacAdv,deeponet,DeepONet (coeff concat),small,ood,0.0837507471442222,0.0284965597093105,0.826454371213913,4000,ood_init_amp.h5,10000,293950,394.3528678976,200,0.001,64,50,50,
Framework2,DiffReacAdv,deeponet,DeepONet (coeff concat),small,ood,0.0591062679886817,0.0331754051148891,0.8272123169153929,4000,ood_par.h5,10000,293950,394.3528678976,200,0.001,64,50,50,
Framework2,DiffReacAdv,deeponet,DeepONet (coeff concat),small,ood,0.063371330499649,0.039719384163618,0.8261804413050413,4000,ood_par_init_GP.h5,10000,293950,394.3528678976,200,0.001,64,50,50,
Framework2,DiffReacAdv,deeponet,DeepONet (coeff concat),small,ood,0.0910262092947959,0.029014678671956,0.8253923151642084,4000,ood_par_init_amp.h5,10000,293950,394.3528678976,200,0.001,64,50,50,
Framework2,DiffReacAdv,deeponet,DeepONet (coeff concat),medium,test,0.0422102883458137,0.0102109350264072,3.770414613187313,4000,,10000,2147900,1127.6619174983352,200,0.001,64,100,100,
Framework2,DiffReacAdv,deeponet,DeepONet (coeff concat),medium,ood,0.0661918595433235,0.0336054936051368,3.788326701149344,4000,ood.h5,10000,2147900,1127.6619174983352,200,0.001,64,100,100,
Framework2,DiffReacAdv,deeponet,DeepONet (coeff concat),medium,ood,0.0469826236367225,0.0119645213708281,3.783914605155587,4000,ood_init_GP.h5,10000,2147900,1127.6619174983352,200,0.001,64,100,100,
Framework2,DiffReacAdv,deeponet,DeepONet (coeff concat),medium,ood,0.091123417019844,0.0308176912367343,3.7563149463385344,4000,ood_init_amp.h5,10000,2147900,1127.6619174983352,200,0.001,64,100,100,
Framework2,DiffReacAdv,deeponet,DeepONet (coeff concat),medium,ood,0.0661918595433235,0.0336054936051368,3.7584814820438623,4000,ood_par.h5,10000,2147900,1127.6619174983352,200,0.001,64,100,100,
Framework2,DiffReacAdv,deeponet,DeepONet (coeff concat),medium,ood,0.0688562020659446,0.0347466580569744,3.745044557377696,4000,ood_par_init_GP.h5,10000,2147900,1127.6619174983352,200,0.001,64,100,100,
Framework2,DiffReacAdv,deeponet,DeepONet (coeff concat),medium,ood,0.1012524366378784,0.033674482256174,3.740921983495354,4000,ood_par_init_amp.h5,10000,2147900,1127.6619174983352,200,0.001,64,100,100,
Framework2,DiffReacAdv,deeponet,DeepONet (coeff concat),large,test,0.0495366975665092,0.0123308841139078,12.96970322728157,4000,,10000,9480750,3107.093639124185,200,0.001,64,150,150,
Framework2,DiffReacAdv,deeponet,DeepONet (coeff concat),large,ood,0.0741726011037826,0.0316397920250892,12.97210662998259,4000,ood.h5,10000,9480750,3107.093639124185,200,0.001,64,150,150,
Framework2,DiffReacAdv,deeponet,DeepONet (coeff concat),large,ood,0.0525062121450901,0.0128815863281488,12.960830295458436,4000,ood_init_GP.h5,10000,9480750,3107.093639124185,200,0.001,64,150,150,
Framework2,DiffReacAdv,deeponet,DeepONet (coeff concat),large,ood,0.0895133092999458,0.0275278910994529,12.960431387647986,4000,ood_init_amp.h5,10000,9480750,3107.093639124185,200,0.001,64,150,150,
Framework2,DiffReacAdv,deeponet,DeepONet (coeff concat),large,ood,0.0741726011037826,0.0316397920250892,12.97248050943017,4000,ood_par.h5,10000,9480750,3107.093639124185,200,0.001,64,150,150,
Framework2,DiffReacAdv,deeponet,DeepONet (coeff concat),large,ood,0.0752717405557632,0.0351258777081966,12.966362269595264,4000,ood_par_init_GP.h5,10000,9480750,3107.093639124185,200,0.001,64,150,150,
Framework2,DiffReacAdv,deeponet,DeepONet (coeff concat),large,ood,0.1013653054833412,0.0318750068545341,12.952459212392569,4000,ood_par_init_amp.h5,10000,9480750,3107.093639124185,200,0.001,64,150,150,
Framework2,DiffReacAdv,mionet,MIONet,small,test,0.0445608384907245,0.0110253049060702,0.1812134571373462,4000,,10000,63493,210.2477138414979,200,0.001,64,50,50,
Framework2,DiffReacAdv,mionet,MIONet,small,ood,0.0834891647100448,0.0520188063383102,0.1729274876415729,4000,ood.h5,10000,63493,210.2477138414979,200,0.001,64,50,50,
Framework2,DiffReacAdv,mionet,MIONet,small,ood,0.0551069863140583,0.0183598231524229,0.174704659730196,4000,ood_init_GP.h5,10000,63493,210.2477138414979,200,0.001,64,50,50,
Framework2,DiffReacAdv,mionet,MIONet,small,ood,0.078664094209671,0.0231942869722843,0.1728044562041759,4000,ood_init_amp.h5,10000,63493,210.2477138414979,200,0.001,64,50,50,
Framework2,DiffReacAdv,mionet,MIONet,small,ood,0.0834891647100448,0.0520188063383102,0.175074515864253,4000,ood_par.h5,10000,63493,210.2477138414979,200,0.001,64,50,50,
Framework2,DiffReacAdv,mionet,MIONet,small,ood,0.0967564284801483,0.0622810646891593,0.1726059187203645,4000,ood_par_init_GP.h5,10000,63493,210.2477138414979,200,0.001,64,50,50,
Framework2,DiffReacAdv,mionet,MIONet,small,ood,0.0922229662537574,0.0316948406398296,0.1748997513204813,4000,ood_par_init_amp.h5,10000,63493,210.2477138414979,200,0.001,64,50,50,
Framework2,DiffReacAdv,mionet,MIONet,medium,test,0.0328633114695549,0.0074701998382806,0.1796244196593761,4000,,10000,225385,224.67367915436623,200,0.001,64,100,100,
Framework2,DiffReacAdv,mionet,MIONet,medium,ood,0.0634816735982894,0.042159978300333,0.1740440484136343,4000,ood.h5,10000,225385,224.67367915436623,200,0.001,64,100,100,
Framework2,DiffReacAdv,mionet,MIONet,medium,ood,0.0400464162230491,0.0155385266989469,0.1812999751418829,4000,ood_init_GP.h5,10000,225385,224.67367915436623,200,0.001,64,100,100,
Framework2,DiffReacAdv,mionet,MIONet,medium,ood,0.0786371603608131,0.0262705944478511,0.1772551964968443,4000,ood_init_amp.h5,10000,225385,224.67367915436623,200,0.001,64,100,100,
Framework2,DiffReacAdv,mionet,MIONet,medium,ood,0.0634816735982894,0.042159978300333,0.1748840659856796,4000,ood_par.h5,10000,225385,224.67367915436623,200,0.001,64,100,100,
Framework2,DiffReacAdv,mionet,MIONet,medium,ood,0.0761035308241844,0.0553234778344631,0.1728554517030716,4000,ood_par_init_GP.h5,10000,225385,224.67367915436623,200,0.001,64,100,100,
Framework2,DiffReacAdv,mionet,MIONet,medium,ood,0.0887771025300026,0.0301814042031765,0.1729545723646879,4000,ood_par_init_amp.h5,10000,225385,224.67367915436623,200,0.001,64,100,100,
Framework2,DiffReacAdv,mionet,MIONet,large,test,0.0243604052811861,0.0069412211887538,0.1847835574299097,4000,,10000,844369,225.630128255114,200,0.001,64,150,150,
Framework2,DiffReacAdv,mionet,MIONet,large,ood,0.047412596642971,0.0304522458463907,0.1872558984905481,4000,ood.h5,10000,844369,225.630128255114,200,0.001,64,150,150,
Framework2,DiffReacAdv,mionet,MIONet,large,ood,0.0368035659193992,0.0137040112167596,0.1788933463394642,4000,ood_init_GP.h5,10000,844369,225.630128255114,200,0.001,64,150,150,
Framework2,DiffReacAdv,mionet,MIONet,large,ood,0.0804062187671661,0.0294511578977108,0.1796116270124912,4000,ood_init_amp.h5,10000,844369,225.630128255114,200,0.001,64,150,150,
Framework2,DiffReacAdv,mionet,MIONet,large,ood,0.047412596642971,0.0304522458463907,0.1804340369999408,4000,ood_par.h5,10000,844369,225.630128255114,200,0.001,64,150,150,
Framework2,DiffReacAdv,mionet,MIONet,large,ood,0.0590672940015792,0.0333089381456375,0.1943695843219757,4000,ood_par_init_GP.h5,10000,844369,225.630128255114,200,0.001,64,150,150,
Framework2,DiffReacAdv,mionet,MIONet,large,ood,0.0872531235218048,0.0294212512671947,0.1799908149987459,4000,ood_par_init_amp.h5,10000,844369,225.630128255114,200,0.001,64,150,150,
Framework2,DiffReacAdv,mno,MNO,small,test,0.0472037568688392,0.0149165764451026,0.1910317912697792,4000,,10000,572305,244.08611571975047,200,0.001,64,20,10,5.0
Framework2,DiffReacAdv,mno,MNO,small,ood,0.0973571687936782,0.0742570087313652,0.1891246326267719,4000,ood.h5,10000,572305,244.08611571975047,200,0.001,64,20,10,5.0
Framework2,DiffReacAdv,mno,MNO,small,ood,0.0674523040652275,0.0258912779390811,0.1880367305129766,4000,ood_init_GP.h5,10000,572305,244.08611571975047,200,0.001,64,20,10,5.0
Framework2,DiffReacAdv,mno,MNO,small,ood,0.0899015367031097,0.0281598083674907,0.1876541450619697,4000,ood_init_amp.h5,10000,572305,244.08611571975047,200,0.001,64,20,10,5.0
Framework2,DiffReacAdv,mno,MNO,small,ood,0.0973571687936782,0.0742570087313652,0.1882967930287122,4000,ood_par.h5,10000,572305,244.08611571975047,200,0.001,64,20,10,5.0
Framework2,DiffReacAdv,mno,MNO,small,ood,0.1082666292786598,0.0584821328520774,0.1879970151931047,4000,ood_par_init_GP.h5,10000,572305,244.08611571975047,200,0.001,64,20,10,5.0
Framework2,DiffReacAdv,mno,MNO,small,ood,0.1103990450501442,0.0419253483414649,0.1878137439489364,4000,ood_par_init_amp.h5,10000,572305,244.08611571975047,200,0.001,64,20,10,5.0
Framework2,DiffReacAdv,mno,MNO,medium,test,0.0293366275727748,0.0092625496909022,0.1911641508340835,4000,,10000,1199410,266.7989600710571,200,0.001,64,20,20,10.0
Framework2,DiffReacAdv,mno,MNO,medium,ood,0.0669684112071991,0.0513531416654586,0.1914957780390977,4000,ood.h5,10000,1199410,266.7989600710571,200,0.001,64,20,20,10.0
Framework2,DiffReacAdv,mno,MNO,medium,ood,0.0439327098429203,0.0192461293190717,0.1898448336869478,4000,ood_init_GP.h5,10000,1199410,266.7989600710571,200,0.001,64,20,20,10.0
Framework2,DiffReacAdv,mno,MNO,medium,ood,0.0849390104413032,0.0294296685606241,0.1900115273892879,4000,ood_init_amp.h5,10000,1199410,266.7989600710571,200,0.001,64,20,20,10.0
Framework2,DiffReacAdv,mno,MNO,medium,ood,0.0669684112071991,0.0513531416654586,0.189587889239192,4000,ood_par.h5,10000,1199410,266.7989600710571,200,0.001,64,20,20,10.0
Framework2,DiffReacAdv,mno,MNO,medium,ood,0.0826060026884079,0.0550299920141696,0.1906815208494663,4000,ood_par_init_GP.h5,10000,1199410,266.7989600710571,200,0.001,64,20,20,10.0
Framework2,DiffReacAdv,mno,MNO,medium,ood,0.0956921726465225,0.0326721630990505,0.189742311835289,4000,ood_par_init_amp.h5,10000,1199410,266.7989600710571,200,0.001,64,20,20,10.0
Framework2,DiffReacAdv,mno,MNO,large,test,0.0225117970257997,0.0074364929459989,0.2106410153210163,4000,,10000,16678040,276.425936056301,200,0.001,64,20,100,40.0
Framework2,DiffReacAdv,mno,MNO,large,ood,0.0562356486916542,0.0448155254125595,0.207286225631833,4000,ood.h5,10000,16678040,276.425936056301,200,0.001,64,20,100,40.0
Framework2,DiffReacAdv,mno,MNO,large,ood,0.0333576425909996,0.0131600461900234,0.2061619907617569,4000,ood_init_GP.h5,10000,16678040,276.425936056301,200,0.001,64,20,100,40.0
Framework2,DiffReacAdv,mno,MNO,large,ood,0.081635758280754,0.0290042273700237,0.2097465824335813,4000,ood_init_amp.h5,10000,16678040,276.425936056301,200,0.001,64,20,100,40.0
Framework2,DiffReacAdv,mno,MNO,large,ood,0.0562356486916542,0.0448155254125595,0.2066104356199503,4000,ood_par.h5,10000,16678040,276.425936056301,200,0.001,64,20,100,40.0
Framework2,DiffReacAdv,mno,MNO,large,ood,0.0714870914816856,0.0514534041285514,0.2069917544722557,4000,ood_par_init_GP.h5,10000,16678040,276.425936056301,200,0.001,64,20,100,40.0
Framework2,DiffReacAdv,mno,MNO,large,ood,0.0927289575338363,0.0323327332735061,0.2068995535373687,4000,ood_par_init_amp.h5,10000,16678040,276.425936056301,200,0.001,64,20,100,40.0
Framework2,Nonlinear_Klein_Gordon,deeponet_nocoef,DeepONet (no coeff),small,test,0.2988551557064056,0.1185305044054985,0.1832682285457849,4000,,10000,293450,218.7262348141521,200,0.001,64,50,50,
Framework2,Nonlinear_Klein_Gordon,deeponet_nocoef,DeepONet (no coeff),small,ood,0.4524495005607605,0.1855566501617431,0.1738999169319868,4000,ood.h5,10000,293450,218.7262348141521,200,0.001,64,50,50,
Framework2,Nonlinear_Klein_Gordon,deeponet_nocoef,DeepONet (no coeff),small,ood,0.2099626809358596,0.0918470174074173,0.1794199645519256,4000,ood_init_GP.h5,10000,293450,218.7262348141521,200,0.001,64,50,50,
Framework2,Nonlinear_Klein_Gordon,deeponet_nocoef,DeepONet (no coeff),small,ood,0.4253442287445068,0.0908084288239479,0.1739470288157463,4000,ood_init_amp.h5,10000,293450,218.7262348141521,200,0.001,64,50,50,
Framework2,Nonlinear_Klein_Gordon,deeponet_nocoef,DeepONet (no coeff),small,ood,0.4524495005607605,0.1855566501617431,0.183745227754116,4000,ood_par.h5,10000,293450,218.7262348141521,200,0.001,64,50,50,
Framework2,Nonlinear_Klein_Gordon,deeponet_nocoef,DeepONet (no coeff),small,ood,0.3319104015827179,0.1645349711179733,0.1748267896473407,4000,ood_par_init_GP.h5,10000,293450,218.7262348141521,200,0.001,64,50,50,
Framework2,Nonlinear_Klein_Gordon,deeponet_nocoef,DeepONet (no coeff),small,ood,0.5298081040382385,0.11996740847826,0.1842827461659908,4000,ood_par_init_amp.h5,10000,293450,218.7262348141521,200,0.001,64,50,50,
Framework2,Nonlinear_Klein_Gordon,deeponet_nocoef,DeepONet (no coeff),medium,test,0.2903278470039367,0.127606064081192,0.1827272269874811,4000,,10000,2146900,214.45976877957585,200,0.001,64,100,100,
Framework2,Nonlinear_Klein_Gordon,deeponet_nocoef,DeepONet (no coeff),medium,ood,0.4453399181365967,0.1890621185302734,0.1786862146109342,4000,ood.h5,10000,2146900,214.45976877957585,200,0.001,64,100,100,
Framework2,Nonlinear_Klein_Gordon,deeponet_nocoef,DeepONet (no coeff),medium,ood,0.1997468024492263,0.097273550927639,0.1814395952969789,4000,ood_init_GP.h5,10000,2146900,214.45976877957585,200,0.001,64,100,100,
Framework2,Nonlinear_Klein_Gordon,deeponet_nocoef,DeepONet (no coeff),medium,ood,0.4227977991104126,0.0933345109224319,0.1770674381405115,4000,ood_init_amp.h5,10000,2146900,214.45976877957585,200,0.001,64,100,100,
Framework2,Nonlinear_Klein_Gordon,deeponet_nocoef,DeepONet (no coeff),medium,ood,0.4453399181365967,0.1890621185302734,0.1793591193854808,4000,ood_par.h5,10000,2146900,214.45976877957585,200,0.001,64,100,100,
Framework2,Nonlinear_Klein_Gordon,deeponet_nocoef,DeepONet (no coeff),medium,ood,0.3259384632110595,0.1694714576005935,0.1767147909849882,4000,ood_par_init_GP.h5,10000,2146900,214.45976877957585,200,0.001,64,100,100,
Framework2,Nonlinear_Klein_Gordon,deeponet_nocoef,DeepONet (no coeff),medium,ood,0.5297808647155762,0.1224530190229415,0.1773990560323,4000,ood_par_init_amp.h5,10000,2146900,214.45976877957585,200,0.001,64,100,100,
Framework2,Nonlinear_Klein_Gordon,deeponet_nocoef,DeepONet (no coeff),large,test,0.2858508825302124,0.1243690475821495,0.1844508294016122,4000,,10000,9478750,226.1617171280086,200,0.001,64,150,150,
Framework2,Nonlinear_Klein_Gordon,deeponet_nocoef,DeepONet (no coeff),large,ood,0.4534884095191955,0.1928609907627105,0.1812306586652994,4000,ood.h5,10000,9478750,226.1617171280086,200,0.001,64,150,150,
Framework2,Nonlinear_Klein_Gordon,deeponet_nocoef,DeepONet (no coeff),large,ood,0.1854806840419769,0.0838260874152183,0.1870733238756656,4000,ood_init_GP.h5,10000,9478750,226.1617171280086,200,0.001,64,150,150,
Framework2,Nonlinear_Klein_Gordon,deeponet_nocoef,DeepONet (no coeff),large,ood,0.424291580915451,0.0924605801701545,0.1840983722358942,4000,ood_init_amp.h5,10000,9478750,226.1617171280086,200,0.001,64,150,150,
Framework2,Nonlinear_Klein_Gordon,deeponet_nocoef,DeepONet (no coeff),large,ood,0.4534884095191955,0.1928609907627105,0.1818464510142803,4000,ood_par.h5,10000,9478750,226.1617171280086,200,0.001,64,150,150,
Framework2,Nonlinear_Klein_Gordon,deeponet_nocoef,DeepONet (no coeff),large,ood,0.3164644241333008,0.1622558087110519,0.1814237330108881,4000,ood_par_init_GP.h5,10000,9478750,226.1617171280086,200,0.001,64,150,150,
Framework2,Nonlinear_Klein_Gordon,deeponet_nocoef,DeepONet (no coeff),large,ood,0.5309587717056274,0.1206756830215454,0.1873406581580639,4000,ood_par_init_amp.h5,10000,9478750,226.1617171280086,200,0.001,64,150,150,
Framework2,Nonlinear_Klein_Gordon,deeponet,DeepONet (coeff concat),small,test,0.1297656595706939,0.0467504486441612,0.8277326114475727,4000,,10000,293750,392.7884450498968,200,0.001,64,50,50,
Framework2,Nonlinear_Klein_Gordon,deeponet,DeepONet (coeff concat),small,ood,0.2492333799600601,0.1584885418415069,0.8291153907775879,4000,ood.h5,10000,293750,392.7884450498968,200,0.001,64,50,50,
Framework2,Nonlinear_Klein_Gordon,deeponet,DeepONet (coeff concat),small,ood,0.0890290513634681,0.0174820572137832,0.828678522258997,4000,ood_init_GP.h5,10000,293750,392.7884450498968,200,0.001,64,50,50,
Framework2,Nonlinear_Klein_Gordon,deeponet,DeepONet (coeff concat),small,ood,0.352357268333435,0.1128641217947006,0.825913405045867,4000,ood_init_amp.h5,10000,293750,392.7884450498968,200,0.001,64,50,50,
Framework2,Nonlinear_Klein_Gordon,deeponet,DeepONet (coeff concat),small,ood,0.2492333799600601,0.1584885418415069,0.8251877892762423,4000,ood_par.h5,10000,293750,392.7884450498968,200,0.001,64,50,50,
Framework2,Nonlinear_Klein_Gordon,deeponet,DeepONet (coeff concat),small,ood,0.1362518370151519,0.0751222521066665,0.8261656481772661,4000,ood_par_init_GP.h5,10000,293750,392.7884450498968,200,0.001,64,50,50,
Framework2,Nonlinear_Klein_Gordon,deeponet,DeepONet (coeff concat),small,ood,0.3944956660270691,0.1023076921701431,0.8248861990869045,4000,ood_par_init_amp.h5,10000,293750,392.7884450498968,200,0.001,64,50,50,
Framework2,Nonlinear_Klein_Gordon,deeponet,DeepONet (coeff concat),medium,test,0.1024773865938186,0.0358256138861179,3.778368892148137,4000,,10000,2147500,1124.690114831552,200,0.001,64,100,100,
Framework2,Nonlinear_Klein_Gordon,deeponet,DeepONet (coeff concat),medium,ood,0.2342061102390289,0.1712009459733963,3.786854892969132,4000,ood.h5,10000,2147500,1124.690114831552,200,0.001,64,100,100,
Framework2,Nonlinear_Klein_Gordon,deeponet,DeepONet (coeff concat),medium,ood,0.0823407471179962,0.0207775626331567,3.779110241681338,4000,ood_init_GP.h5,10000,2147500,1124.690114831552,200,0.001,64,100,100,
Framework2,Nonlinear_Klein_Gordon,deeponet,DeepONet (coeff concat),medium,ood,0.3652344346046448,0.1250890791416168,3.745825465768576,4000,ood_init_amp.h5,10000,2147500,1124.690114831552,200,0.001,64,100,100,
Framework2,Nonlinear_Klein_Gordon,deeponet,DeepONet (coeff concat),medium,ood,0.2342061102390289,0.1712009459733963,3.766498759388924,4000,ood_par.h5,10000,2147500,1124.690114831552,200,0.001,64,100,100,
Framework2,Nonlinear_Klein_Gordon,deeponet,DeepONet (coeff concat),medium,ood,0.1454998403787613,0.1045830845832824,3.74506164714694,4000,ood_par_init_GP.h5,10000,2147500,1124.690114831552,200,0.001,64,100,100,
Framework2,Nonlinear_Klein_Gordon,deeponet,DeepONet (coeff concat),medium,ood,0.4300380051136017,0.1297197192907333,3.745303703472018,4000,ood_par_init_amp.h5,10000,2147500,1124.690114831552,200,0.001,64,100,100,
Framework2,Nonlinear_Klein_Gordon,deeponet,DeepONet (coeff concat),large,test,0.1548450291156768,0.0582367368042469,12.973285479471087,4000,,10000,9479950,3116.2593780513853,200,0.001,64,150,150,
Framework2,Nonlinear_Klein_Gordon,deeponet,DeepONet (coeff concat),large,ood,0.2943203151226043,0.1685901433229446,12.977619219571352,4000,ood.h5,10000,9479950,3116.2593780513853,200,0.001,64,150,150,
Framework2,Nonlinear_Klein_Gordon,deeponet,DeepONet (coeff concat),large,ood,0.1258753389120102,0.0462901256978511,12.963392611593008,4000,ood_init_GP.h5,10000,9479950,3116.2593780513853,200,0.001,64,150,150,
Framework2,Nonlinear_Klein_Gordon,deeponet,DeepONet (coeff concat),large,ood,0.3727639019489288,0.1134109795093536,12.97334212437272,4000,ood_init_amp.h5,10000,9479950,3116.2593780513853,200,0.001,64,150,150,
Framework2,Nonlinear_Klein_Gordon,deeponet,DeepONet (coeff concat),large,ood,0.2943203151226043,0.1685901433229446,12.967351108789444,4000,ood_par.h5,10000,9479950,3116.2593780513853,200,0.001,64,150,150,
Framework2,Nonlinear_Klein_Gordon,deeponet,DeepONet (coeff concat),large,ood,0.2044798582792282,0.1081941053271293,12.969281176105142,4000,ood_par_init_GP.h5,10000,9479950,3116.2593780513853,200,0.001,64,150,150,
Framework2,Nonlinear_Klein_Gordon,deeponet,DeepONet (coeff concat),large,ood,0.4303209185600281,0.1088398694992065,12.9682360868901,4000,ood_par_init_amp.h5,10000,9479950,3116.2593780513853,200,0.001,64,150,150,
Framework2,Nonlinear_Klein_Gordon,mionet,MIONet,small,test,0.1432931870222091,0.0519088432192802,0.181164301931858,4000,,10000,63293,223.51783554442227,200,0.001,64,50,50,
Framework2,Nonlinear_Klein_Gordon,mionet,MIONet,small,ood,0.2913365960121155,0.2021498531103134,0.1724485568702221,4000,ood.h5,10000,63293,223.51783554442227,200,0.001,64,50,50,
Framework2,Nonlinear_Klein_Gordon,mionet,MIONet,small,ood,0.1037631854414939,0.0191528685390949,0.1748233642429113,4000,ood_init_GP.h5,10000,63293,223.51783554442227,200,0.001,64,50,50,
Framework2,Nonlinear_Klein_Gordon,mionet,MIONet,small,ood,0.3442075550556183,0.1067889779806137,0.1801806166768074,4000,ood_init_amp.h5,10000,63293,223.51783554442227,200,0.001,64,50,50,
Framework2,Nonlinear_Klein_Gordon,mionet,MIONet,small,ood,0.2913365960121155,0.2021498531103134,0.1732640210539102,4000,ood_par.h5,10000,63293,223.51783554442227,200,0.001,64,50,50,
Framework2,Nonlinear_Klein_Gordon,mionet,MIONet,small,ood,0.1532289385795593,0.072786659002304,0.1779165919870138,4000,ood_par_init_GP.h5,10000,63293,223.51783554442227,200,0.001,64,50,50,
Framework2,Nonlinear_Klein_Gordon,mionet,MIONet,small,ood,0.4091780483722687,0.1154521182179451,0.1775109861046075,4000,ood_par_init_amp.h5,10000,63293,223.51783554442227,200,0.001,64,50,50,
Framework2,Nonlinear_Klein_Gordon,mionet,MIONet,medium,test,0.0714031904935836,0.0244034957140684,0.1826370358467102,4000,,10000,224985,223.3124863486737,200,0.001,64,100,100,
Framework2,Nonlinear_Klein_Gordon,mionet,MIONet,medium,ood,0.2817010581493377,0.2788331806659698,0.1806435864418745,4000,ood.h5,10000,224985,223.3124863486737,200,0.001,64,100,100,
Framework2,Nonlinear_Klein_Gordon,mionet,MIONet,medium,ood,0.0635449662804603,0.0148268677294254,0.1782503854483366,4000,ood_init_GP.h5,10000,224985,223.3124863486737,200,0.001,64,100,100,
Framework2,Nonlinear_Klein_Gordon,mionet,MIONet,medium,ood,0.3279130160808563,0.118785336613655,0.1729997564107179,4000,ood_init_amp.h5,10000,224985,223.3124863486737,200,0.001,64,100,100,
Framework2,Nonlinear_Klein_Gordon,mionet,MIONet,medium,ood,0.2817010581493377,0.2788331806659698,0.185908555984497,4000,ood_par.h5,10000,224985,223.3124863486737,200,0.001,64,100,100,
Framework2,Nonlinear_Klein_Gordon,mionet,MIONet,medium,ood,0.1821305453777313,0.1853397935628891,0.1730962786823511,4000,ood_par_init_GP.h5,10000,224985,223.3124863486737,200,0.001,64,100,100,
Framework2,Nonlinear_Klein_Gordon,mionet,MIONet,medium,ood,0.4182176887989044,0.152303010225296,0.181428836658597,4000,ood_par_init_amp.h5,10000,224985,223.3124863486737,200,0.001,64,100,100,
Framework2,Nonlinear_Klein_Gordon,mionet,MIONet,large,test,0.0395579673349857,0.0121933715417981,0.1892236191779375,4000,,10000,843569,221.4655019417405,200,0.001,64,150,150,
Framework2,Nonlinear_Klein_Gordon,mionet,MIONet,large,ood,0.2610076367855072,0.2940258681774139,0.1779208406805992,4000,ood.h5,10000,843569,221.4655019417405,200,0.001,64,150,150,
Framework2,Nonlinear_Klein_Gordon,mionet,MIONet,large,ood,0.0391188599169254,0.0123224053531885,0.1919537242501974,4000,ood_init_GP.h5,10000,843569,221.4655019417405,200,0.001,64,150,150,
Framework2,Nonlinear_Klein_Gordon,mionet,MIONet,large,ood,0.3242246508598327,0.1240189447999,0.1877487171441316,4000,ood_init_amp.h5,10000,843569,221.4655019417405,200,0.001,64,150,150,
Framework2,Nonlinear_Klein_Gordon,mionet,MIONet,large,ood,0.2610076367855072,0.2940258681774139,0.1866354364901781,4000,ood_par.h5,10000,843569,221.4655019417405,200,0.001,64,150,150,
Framework2,Nonlinear_Klein_Gordon,mionet,MIONet,large,ood,0.155339628458023,0.1765458583831787,0.1826894171535968,4000,ood_par_init_GP.h5,10000,843569,221.4655019417405,200,0.001,64,150,150,
Framework2,Nonlinear_Klein_Gordon,mionet,MIONet,large,ood,0.4098697900772095,0.1540357768535614,0.1809627693146467,4000,ood_par_init_amp.h5,10000,843569,221.4655019417405,200,0.001,64,150,150,
Framework2,Nonlinear_Klein_Gordon,mno,MNO,small,test,0.1223366260528564,0.052434679120779,0.1898494008928537,4000,,10000,571905,268.6877099759877,200,0.001,64,20,10,5.0
Framework2,Nonlinear_Klein_Gordon,mno,MNO,small,ood,0.2865603864192962,0.1925424933433532,0.1936082597821951,4000,ood.h5,10000,571905,268.6877099759877,200,0.001,64,20,10,5.0
Framework2,Nonlinear_Klein_Gordon,mno,MNO,small,ood,0.0924411639571189,0.0342959314584732,0.194198390468955,4000,ood_init_GP.h5,10000,571905,268.6877099759877,200,0.001,64,20,10,5.0
Framework2,Nonlinear_Klein_Gordon,mno,MNO,small,ood,0.3456968367099762,0.1125049740076065,0.1937210727483034,4000,ood_init_amp.h5,10000,571905,268.6877099759877,200,0.001,64,20,10,5.0
Framework2,Nonlinear_Klein_Gordon,mno,MNO,small,ood,0.2865603864192962,0.1925424933433532,0.1962337903678417,4000,ood_par.h5,10000,571905,268.6877099759877,200,0.001,64,20,10,5.0
Framework2,Nonlinear_Klein_Gordon,mno,MNO,small,ood,0.1883774548768997,0.0986101701855659,0.1932935826480388,4000,ood_par_init_GP.h5,10000,571905,268.6877099759877,200,0.001,64,20,10,5.0
Framework2,Nonlinear_Klein_Gordon,mno,MNO,small,ood,0.4343142211437225,0.1191698238253593,0.1905048675835132,4000,ood_par_init_amp.h5,10000,571905,268.6877099759877,200,0.001,64,20,10,5.0
Framework2,Nonlinear_Klein_Gordon,mno,MNO,medium,test,0.1081161946058273,0.0532804690301418,0.1977524813264608,4000,,10000,1199010,253.5783378817141,200,0.001,64,20,20,10.0
Framework2,Nonlinear_Klein_Gordon,mno,MNO,medium,ood,0.2964912056922912,0.2283496856689453,0.1888527180999517,4000,ood.h5,10000,1199010,253.5783378817141,200,0.001,64,20,20,10.0
Framework2,Nonlinear_Klein_Gordon,mno,MNO,medium,ood,0.0740358829498291,0.0265986490994691,0.1906383279711008,4000,ood_init_GP.h5,10000,1199010,253.5783378817141,200,0.001,64,20,20,10.0
Framework2,Nonlinear_Klein_Gordon,mno,MNO,medium,ood,0.3373550474643707,0.113545224070549,0.1915032044053077,4000,ood_init_amp.h5,10000,1199010,253.5783378817141,200,0.001,64,20,20,10.0
Framework2,Nonlinear_Klein_Gordon,mno,MNO,medium,ood,0.2964912056922912,0.2283496856689453,0.1971307750791311,4000,ood_par.h5,10000,1199010,253.5783378817141,200,0.001,64,20,20,10.0
Framework2,Nonlinear_Klein_Gordon,mno,MNO,medium,ood,0.198789045214653,0.1722643226385116,0.1888676565140485,4000,ood_par_init_GP.h5,10000,1199010,253.5783378817141,200,0.001,64,20,20,10.0
Framework2,Nonlinear_Klein_Gordon,mno,MNO,medium,ood,0.4414054155349731,0.1352033913135528,0.2007932923734188,4000,ood_par_init_amp.h5,10000,1199010,253.5783378817141,200,0.001,64,20,20,10.0
Framework2,Nonlinear_Klein_Gordon,mno,MNO,large,test,0.0284518599510192,0.0069940718822181,0.211008284240961,4000,,10000,16677640,233.65414032153785,200,0.001,64,20,100,40.0
Framework2,Nonlinear_Klein_Gordon,mno,MNO,large,ood,0.1894067972898483,0.2061100453138351,0.2061854861676693,4000,ood.h5,10000,16677640,233.65414032153785,200,0.001,64,20,100,40.0
Framework2,Nonlinear_Klein_Gordon,mno,MNO,large,ood,0.0397668406367301,0.0169102754443883,0.2101971171796322,4000,ood_init_GP.h5,10000,16677640,233.65414032153785,200,0.001,64,20,100,40.0
Framework2,Nonlinear_Klein_Gordon,mno,MNO,large,ood,0.324966698884964,0.1259947568178177,0.2058574873954057,4000,ood_init_amp.h5,10000,16677640,233.65414032153785,200,0.001,64,20,100,40.0
Framework2,Nonlinear_Klein_Gordon,mno,MNO,large,ood,0.1894067972898483,0.2061100453138351,0.2055865935981273,4000,ood_par.h5,10000,16677640,233.65414032153785,200,0.001,64,20,100,40.0
Framework2,Nonlinear_Klein_Gordon,mno,MNO,large,ood,0.1028571799397468,0.0900493189692497,0.2060603238642215,4000,ood_par_init_GP.h5,10000,16677640,233.65414032153785,200,0.001,64,20,100,40.0
Framework2,Nonlinear_Klein_Gordon,mno,MNO,large,ood,0.379271924495697,0.1255416721105575,0.2053879722952842,4000,ood_par_init_amp.h5,10000,16677640,233.65414032153785,200,0.001,64,20,100,40.0
Framework2,Param_DiffReac,deeponet_nocoef,DeepONet (no coeff),small,test,0.0775050222873687,0.0276093501597642,0.1848144233226776,4000,,10000,293450,211.6932541038841,200,0.001,64,50,50,
Framework2,Param_DiffReac,deeponet_nocoef,DeepONet (no coeff),small,ood,0.1156151741743087,0.0338193289935588,0.1801618244498968,4000,ood_init.h5,10000,293450,211.6932541038841,200,0.001,64,50,50,
Framework2,Param_DiffReac,deeponet_nocoef,DeepONet (no coeff),small,ood,0.1156303435564041,0.0336576625704765,0.1749449949711561,4000,ood_par_init.h5,10000,293450,211.6932541038841,200,0.001,64,50,50,
Framework2,Param_DiffReac,deeponet_nocoef,DeepONet (no coeff),small,ood,0.0626952499151229,0.019506461918354,0.1755706239491701,4000,ood_par_kernel.h5,10000,293450,211.6932541038841,200,0.001,64,50,50,
Framework2,Param_DiffReac,deeponet_nocoef,DeepONet (no coeff),small,ood,0.0637590289115905,0.0185227990150451,0.1775459088385105,4000,ood_par_scale.h5,10000,293450,211.6932541038841,200,0.001,64,50,50,
Framework2,Param_DiffReac,deeponet_nocoef,DeepONet (no coeff),small,ood,0.0785818248987197,0.0291229616850614,0.1761636361479759,4000,ood_par_var.h5,10000,293450,211.6932541038841,200,0.001,64,50,50,
Framework2,Param_DiffReac,deeponet_nocoef,DeepONet (no coeff),medium,test,0.0783992484211921,0.0287410616874694,0.1781960800290107,4000,,10000,2146900,214.7717548236251,200,0.001,64,100,100,
Framework2,Param_DiffReac,deeponet_nocoef,DeepONet (no coeff),medium,ood,0.1169495210051536,0.0340408869087696,0.1779436152428388,4000,ood_init.h5,10000,2146900,214.7717548236251,200,0.001,64,100,100,
Framework2,Param_DiffReac,deeponet_nocoef,DeepONet (no coeff),medium,ood,0.1168424859642982,0.0337614044547081,0.1771798525005579,4000,ood_par_init.h5,10000,2146900,214.7717548236251,200,0.001,64,100,100,
Framework2,Param_DiffReac,deeponet_nocoef,DeepONet (no coeff),medium,ood,0.0639712810516357,0.0210002977401018,0.1778365019708871,4000,ood_par_kernel.h5,10000,2146900,214.7717548236251,200,0.001,64,100,100,
Framework2,Param_DiffReac,deeponet_nocoef,DeepONet (no coeff),medium,ood,0.0648680552840232,0.0200927183032035,0.1770238410681486,4000,ood_par_scale.h5,10000,2146900,214.7717548236251,200,0.001,64,100,100,
Framework2,Param_DiffReac,deeponet_nocoef,DeepONet (no coeff),medium,ood,0.0791560560464859,0.0304374918341636,0.1780862566083669,4000,ood_par_var.h5,10000,2146900,214.7717548236251,200,0.001,64,100,100,
Framework2,Param_DiffReac,deeponet_nocoef,DeepONet (no coeff),large,test,0.0826056450605392,0.0253234021365642,0.1840440519154071,4000,,10000,9478750,224.98578494228423,200,0.001,64,150,150,
Framework2,Param_DiffReac,deeponet_nocoef,DeepONet (no coeff),large,ood,0.1154623031616211,0.0346803404390811,0.1809478066861629,4000,ood_init.h5,10000,9478750,224.98578494228423,200,0.001,64,150,150,
Framework2,Param_DiffReac,deeponet_nocoef,DeepONet (no coeff),large,ood,0.1156201288104057,0.0342380292713642,0.1809235159307718,4000,ood_par_init.h5,10000,9478750,224.98578494228423,200,0.001,64,150,150,
Framework2,Param_DiffReac,deeponet_nocoef,DeepONet (no coeff),large,ood,0.0672801807522773,0.0178255215287208,0.1808539442718029,4000,ood_par_kernel.h5,10000,9478750,224.98578494228423,200,0.001,64,150,150,
Framework2,Param_DiffReac,deeponet_nocoef,DeepONet (no coeff),large,ood,0.0684621706604957,0.0175555869936943,0.1815096847712993,4000,ood_par_scale.h5,10000,9478750,224.98578494228423,200,0.001,64,150,150,
Framework2,Param_DiffReac,deeponet_nocoef,DeepONet (no coeff),large,ood,0.0840963125228881,0.0264454297721385,0.1807826049625873,4000,ood_par_var.h5,10000,9478750,224.98578494228423,200,0.001,64,150,150,
Framework2,Param_DiffReac,deeponet,DeepONet (coeff concat),small,test,0.0248050950467586,0.0078140888363122,0.8327140472829342,4000,,10000,306350,392.2860071416944,200,0.001,64,50,50,
Framework2,Param_DiffReac,deeponet,DeepONet (coeff concat),small,ood,0.1102805510163307,0.0372983925044536,0.8265654444694519,4000,ood_init.h5,10000,306350,392.2860071416944,200,0.001,64,50,50,
Framework2,Param_DiffReac,deeponet,DeepONet (coeff concat),small,ood,0.1116635426878929,0.0367425940930843,0.8267495278269053,4000,ood_par_init.h5,10000,306350,392.2860071416944,200,0.001,64,50,50,
Framework2,Param_DiffReac,deeponet,DeepONet (coeff concat),small,ood,0.0501810014247894,0.0151186762377619,0.8275342006236315,4000,ood_par_kernel.h5,10000,306350,392.2860071416944,200,0.001,64,50,50,
Framework2,Param_DiffReac,deeponet,DeepONet (coeff concat),small,ood,0.055168729275465,0.0158275067806243,0.8262892086058855,4000,ood_par_scale.h5,10000,306350,392.2860071416944,200,0.001,64,50,50,
Framework2,Param_DiffReac,deeponet,DeepONet (coeff concat),small,ood,0.0252485163509845,0.0076403566636145,0.8268198687583208,4000,ood_par_var.h5,10000,306350,392.2860071416944,200,0.001,64,50,50,
Framework2,Param_DiffReac,deeponet,DeepONet (coeff concat),medium,test,0.0274960380047559,0.0103951031342148,3.788418289273977,4000,,10000,2172700,1124.1718047540635,200,0.001,64,100,100,
Framework2,Param_DiffReac,deeponet,DeepONet (coeff concat),medium,ood,0.1100716739892959,0.0381533876061439,3.76916678249836,4000,ood_init.h5,10000,2172700,1124.1718047540635,200,0.001,64,100,100,
Framework2,Param_DiffReac,deeponet,DeepONet (coeff concat),medium,ood,0.111046627163887,0.0372950509190559,3.761074438691139,4000,ood_par_init.h5,10000,2172700,1124.1718047540635,200,0.001,64,100,100,
Framework2,Param_DiffReac,deeponet,DeepONet (coeff concat),medium,ood,0.0491202697157859,0.0153800444677472,3.754655787721276,4000,ood_par_kernel.h5,10000,2172700,1124.1718047540635,200,0.001,64,100,100,
Framework2,Param_DiffReac,deeponet,DeepONet (coeff concat),medium,ood,0.0528677366673946,0.0153102343901991,3.7577081359922886,4000,ood_par_scale.h5,10000,2172700,1124.1718047540635,200,0.001,64,100,100,
Framework2,Param_DiffReac,deeponet,DeepONet (coeff concat),medium,ood,0.0281085725873708,0.0103418240323662,3.749942947179079,4000,ood_par_var.h5,10000,2172700,1124.1718047540635,200,0.001,64,100,100,
Framework2,Param_DiffReac,deeponet,DeepONet (coeff concat),large,test,0.070007175207138,0.0212752074003219,12.97217781841755,4000,,10000,9530350,3090.5944888815284,200,0.001,64,150,150,
Framework2,Param_DiffReac,deeponet,DeepONet (coeff concat),large,ood,0.117770180106163,0.0348619185388088,12.970925388857722,4000,ood_init.h5,10000,9530350,3090.5944888815284,200,0.001,64,150,150,
Framework2,Param_DiffReac,deeponet,DeepONet (coeff concat),large,ood,0.1184129938483238,0.0343401692807674,12.95509821176529,4000,ood_par_init.h5,10000,9530350,3090.5944888815284,200,0.001,64,150,150,
Framework2,Param_DiffReac,deeponet,DeepONet (coeff concat),large,ood,0.0675640702247619,0.0155973564833402,12.967562863603234,4000,ood_par_kernel.h5,10000,9530350,3090.5944888815284,200,0.001,64,150,150,
Framework2,Param_DiffReac,deeponet,DeepONet (coeff concat),large,ood,0.0703064799308776,0.0157998614013195,12.962509129196404,4000,ood_par_scale.h5,10000,9530350,3090.5944888815284,200,0.001,64,150,150,
Framework2,Param_DiffReac,deeponet,DeepONet (coeff concat),large,ood,0.0715327709913253,0.0216624587774276,12.94249838218093,4000,ood_par_var.h5,10000,9530350,3090.5944888815284,200,0.001,64,150,150,
Framework2,Param_DiffReac,mionet,MIONet,small,test,0.0383856184780597,0.0124474102631211,0.1817945856600999,4000,,10000,75893,224.211440583691,200,0.001,64,50,50,
Framework2,Param_DiffReac,mionet,MIONet,small,ood,0.1104136928915977,0.0364716500043869,0.181474270299077,4000,ood_init.h5,10000,75893,224.211440583691,200,0.001,64,50,50,
Framework2,Param_DiffReac,mionet,MIONet,small,ood,0.1114944890141487,0.0357569232583045,0.1743436194956302,4000,ood_par_init.h5,10000,75893,224.211440583691,200,0.001,64,50,50,
Framework2,Param_DiffReac,mionet,MIONet,small,ood,0.0529776290059089,0.0148818474262952,0.1798783522099256,4000,ood_par_kernel.h5,10000,75893,224.211440583691,200,0.001,64,50,50,
Framework2,Param_DiffReac,mionet,MIONet,small,ood,0.0589803792536258,0.0220105089247226,0.1736556738615036,4000,ood_par_scale.h5,10000,75893,224.211440583691,200,0.001,64,50,50,
Framework2,Param_DiffReac,mionet,MIONet,small,ood,0.0391295850276947,0.0122717292979359,0.1815705932676792,4000,ood_par_var.h5,10000,75893,224.211440583691,200,0.001,64,50,50,
Framework2,Param_DiffReac,mionet,MIONet,medium,test,0.0225900392979383,0.0071042603813111,0.1806837245821952,4000,,10000,250185,224.4360197801143,200,0.001,64,100,100,
Framework2,Param_DiffReac,mionet,MIONet,medium,ood,0.1136817336082458,0.0399230644106864,0.1785284448415041,4000,ood_init.h5,10000,250185,224.4360197801143,200,0.001,64,100,100,
Framework2,Param_DiffReac,mionet,MIONet,medium,ood,0.1180508658289909,0.0375701151788234,0.1729013156145811,4000,ood_par_init.h5,10000,250185,224.4360197801143,200,0.001,64,100,100,
Framework2,Param_DiffReac,mionet,MIONet,medium,ood,0.0565050095319747,0.0318389050662517,0.1785419471561908,4000,ood_par_kernel.h5,10000,250185,224.4360197801143,200,0.001,64,100,100,
Framework2,Param_DiffReac,mionet,MIONet,medium,ood,0.0733395367860794,0.0410962626338005,0.1727919578552246,4000,ood_par_scale.h5,10000,250185,224.4360197801143,200,0.001,64,100,100,
Framework2,Param_DiffReac,mionet,MIONet,medium,ood,0.0226498488336801,0.0068825064226984,0.1869641225785017,4000,ood_par_var.h5,10000,250185,224.4360197801143,200,0.001,64,100,100,
Framework2,Param_DiffReac,mionet,MIONet,large,test,0.0228456109762191,0.0074991919100284,0.1826704367995262,4000,,10000,893969,225.7669114302844,200,0.001,64,150,150,
Framework2,Param_DiffReac,mionet,MIONet,large,ood,0.1180473417043685,0.0410515405237674,0.1791754160076379,4000,ood_init.h5,10000,893969,225.7669114302844,200,0.001,64,150,150,
Framework2,Param_DiffReac,mionet,MIONet,large,ood,0.126649796962738,0.0401796847581863,0.1816873140633106,4000,ood_par_init.h5,10000,893969,225.7669114302844,200,0.001,64,150,150,
Framework2,Param_DiffReac,mionet,MIONet,large,ood,0.0676133632659912,0.0443580970168113,0.1774674616754055,4000,ood_par_kernel.h5,10000,893969,225.7669114302844,200,0.001,64,150,150,
Framework2,Param_DiffReac,mionet,MIONet,large,ood,0.1064097061753273,0.0696727186441421,0.1783137377351522,4000,ood_par_scale.h5,10000,893969,225.7669114302844,200,0.001,64,150,150,
Framework2,Param_DiffReac,mionet,MIONet,large,ood,0.023233501240611,0.0073690102435648,0.1775806043297052,4000,ood_par_var.h5,10000,893969,225.7669114302844,200,0.001,64,150,150,
Framework2,Param_DiffReac,mno,MNO,small,test,0.0587993189692497,0.0231404155492782,0.1897192317992448,4000,,10000,597105,268.98141525126994,200,0.001,64,20,10,5.0
Framework2,Param_DiffReac,mno,MNO,small,ood,0.1145352646708488,0.0359736569225788,0.1916720531880855,4000,ood_init.h5,10000,597105,268.98141525126994,200,0.001,64,20,10,5.0
Framework2,Param_DiffReac,mno,MNO,small,ood,0.1152225136756897,0.0354434289038181,0.1890071425586938,4000,ood_par_init.h5,10000,597105,268.98141525126994,200,0.001,64,20,10,5.0
Framework2,Param_DiffReac,mno,MNO,small,ood,0.0551079548895359,0.0173015054315328,0.1888559814542532,4000,ood_par_kernel.h5,10000,597105,268.98141525126994,200,0.001,64,20,10,5.0
Framework2,Param_DiffReac,mno,MNO,small,ood,0.0578915402293205,0.0171242486685514,0.1889492534101009,4000,ood_par_scale.h5,10000,597105,268.98141525126994,200,0.001,64,20,10,5.0
Framework2,Param_DiffReac,mno,MNO,small,ood,0.0593635253608226,0.0241721458733081,0.1888278685510158,4000,ood_par_var.h5,10000,597105,268.98141525126994,200,0.001,64,20,10,5.0
Framework2,Param_DiffReac,mno,MNO,medium,test,0.0371064506471157,0.0123132793232798,0.1912155728787183,4000,,10000,1224210,269.44010604918003,200,0.001,64,20,20,10.0
Framework2,Param_DiffReac,mno,MNO,medium,ood,0.1131264045834541,0.036467358469963,0.1934969089925289,4000,ood_init.h5,10000,1224210,269.44010604918003,200,0.001,64,20,20,10.0
Framework2,Param_DiffReac,mno,MNO,medium,ood,0.1135263368487358,0.0362367779016494,0.1901817265897989,4000,ood_par_init.h5,10000,1224210,269.44010604918003,200,0.001,64,20,20,10.0
Framework2,Param_DiffReac,mno,MNO,medium,ood,0.0497493967413902,0.0147289494052529,0.1906634643673896,4000,ood_par_kernel.h5,10000,1224210,269.44010604918003,200,0.001,64,20,20,10.0
Framework2,Param_DiffReac,mno,MNO,medium,ood,0.0526559241116046,0.0145689584314823,0.1964647322893142,4000,ood_par_scale.h5,10000,1224210,269.44010604918003,200,0.001,64,20,20,10.0
Framework2,Param_DiffReac,mno,MNO,medium,ood,0.03716741502285,0.0127147268503904,0.190383618697524,4000,ood_par_var.h5,10000,1224210,269.44010604918003,200,0.001,64,20,20,10.0
Framework2,Param_DiffReac,mno,MNO,large,test,0.0177147146314382,0.0065842615440487,0.209413731470704,4000,,10000,16702840,277.3515789490193,200,0.001,64,20,100,40.0
Framework2,Param_DiffReac,mno,MNO,large,ood,0.1126530766487121,0.037703163921833,0.208528846502304,4000,ood_init.h5,10000,16702840,277.3515789490193,200,0.001,64,20,100,40.0
Framework2,Param_DiffReac,mno,MNO,large,ood,0.1142698228359222,0.0366115346550941,0.2123342454433441,4000,ood_par_init.h5,10000,16702840,277.3515789490193,200,0.001,64,20,100,40.0
Framework2,Param_DiffReac,mno,MNO,large,ood,0.0441667027771472,0.0181868318468332,0.2076697349548339,4000,ood_par_kernel.h5,10000,16702840,277.3515789490193,200,0.001,64,20,100,40.0
Framework2,Param_DiffReac,mno,MNO,large,ood,0.0499920137226581,0.0181742440909147,0.2069825921207666,4000,ood_par_scale.h5,10000,16702840,277.3515789490193,200,0.001,64,20,100,40.0
Framework2,Param_DiffReac,mno,MNO,large,ood,0.0173015967011451,0.0061342967674136,0.2079624384641647,4000,ood_par_var.h5,10000,16702840,277.3515789490193,200,0.001,64,20,100,40.0
Framework2,Param_wave,deeponet_nocoef,DeepONet (no coeff),small,test,0.6002777814865112,0.2287722527980804,0.1784535162150859,4000,,10000,293450,220.94081936962905,200,0.001,64,50,50,
Framework2,Param_wave,deeponet_nocoef,DeepONet (no coeff),small,ood,0.5836040377616882,0.1998975276947021,0.1802751142531633,4000,ood_init.h5,10000,293450,220.94081936962905,200,0.001,64,50,50,
Framework2,Param_wave,deeponet_nocoef,DeepONet (no coeff),small,ood,0.6011163592338562,0.1838887929916381,0.1747502647340297,4000,ood_par_init.h5,10000,293450,220.94081936962905,200,0.001,64,50,50,
Framework2,Param_wave,deeponet_nocoef,DeepONet (no coeff),small,ood,0.5264772176742554,0.2088017910718917,0.176803920418024,4000,ood_par_kernel.h5,10000,293450,220.94081936962905,200,0.001,64,50,50,
Framework2,Param_wave,deeponet_nocoef,DeepONet (no coeff),small,ood,0.5390053987503052,0.2181610912084579,0.1744616720825433,4000,ood_par_scale.h5,10000,293450,220.94081936962905,200,0.001,64,50,50,
Framework2,Param_wave,deeponet_nocoef,DeepONet (no coeff),small,ood,0.5671663880348206,0.2240507006645202,0.1755058486014604,4000,ood_par_var.h5,10000,293450,220.94081936962905,200,0.001,64,50,50,
Framework2,Param_wave,deeponet_nocoef,DeepONet (no coeff),medium,test,0.5837673544883728,0.2226496785879135,0.1809737477451563,4000,,10000,2146900,221.7742353770882,200,0.001,64,100,100,
Framework2,Param_wave,deeponet_nocoef,DeepONet (no coeff),medium,ood,0.5722153186798096,0.2057933956384658,0.1800352036952972,4000,ood_init.h5,10000,2146900,221.7742353770882,200,0.001,64,100,100,
Framework2,Param_wave,deeponet_nocoef,DeepONet (no coeff),medium,ood,0.5739239454269409,0.1733458936214447,0.1763059813529253,4000,ood_par_init.h5,10000,2146900,221.7742353770882,200,0.001,64,100,100,
Framework2,Param_wave,deeponet_nocoef,DeepONet (no coeff),medium,ood,0.5062246322631836,0.2033048570156097,0.1771663967519998,4000,ood_par_kernel.h5,10000,2146900,221.7742353770882,200,0.001,64,100,100,
Framework2,Param_wave,deeponet_nocoef,DeepONet (no coeff),medium,ood,0.5189337134361267,0.2149415761232376,0.1765320878475904,4000,ood_par_scale.h5,10000,2146900,221.7742353770882,200,0.001,64,100,100,
Framework2,Param_wave,deeponet_nocoef,DeepONet (no coeff),medium,ood,0.5571979880332947,0.2229705452919006,0.1768245324492454,4000,ood_par_var.h5,10000,2146900,221.7742353770882,200,0.001,64,100,100,
Framework2,Param_wave,deeponet_nocoef,DeepONet (no coeff),large,test,0.5693546533584595,0.2171752601861953,0.1858015246689319,4000,,10000,9478750,226.25255016237497,200,0.001,64,150,150,
Framework2,Param_wave,deeponet_nocoef,DeepONet (no coeff),large,ood,0.5487667322158813,0.1985900402069091,0.1859210170805454,4000,ood_init.h5,10000,9478750,226.25255016237497,200,0.001,64,150,150,
Framework2,Param_wave,deeponet_nocoef,DeepONet (no coeff),large,ood,0.5552240014076233,0.1422629952430725,0.1813875380903482,4000,ood_par_init.h5,10000,9478750,226.25255016237497,200,0.001,64,150,150,
Framework2,Param_wave,deeponet_nocoef,DeepONet (no coeff),large,ood,0.4872682392597198,0.1917863190174102,0.1812201403081417,4000,ood_par_kernel.h5,10000,9478750,226.25255016237497,200,0.001,64,150,150,
Framework2,Param_wave,deeponet_nocoef,DeepONet (no coeff),large,ood,0.5037112236022949,0.2099170833826065,0.181489136070013,4000,ood_par_scale.h5,10000,9478750,226.25255016237497,200,0.001,64,150,150,
Framework2,Param_wave,deeponet_nocoef,DeepONet (no coeff),large,ood,0.5369917154312134,0.2109541594982147,0.1813459675759077,4000,ood_par_var.h5,10000,9478750,226.25255016237497,200,0.001,64,150,150,
Framework2,Param_wave,deeponet,DeepONet (coeff concat),small,test,0.2872193455696106,0.1015101820230484,0.8277441170066595,4000,,10000,299850,393.55845313332975,200,0.001,64,50,50,
Framework2,Param_wave,deeponet,DeepONet (coeff concat),small,ood,0.4498682022094726,0.1896542906761169,0.8254977855831385,4000,ood_init.h5,10000,299850,393.55845313332975,200,0.001,64,50,50,
Framework2,Param_wave,deeponet,DeepONet (coeff concat),small,ood,0.7598214745521545,0.1156721040606498,0.826396631076932,4000,ood_par_init.h5,10000,299850,393.55845313332975,200,0.001,64,50,50,
Framework2,Param_wave,deeponet,DeepONet (coeff concat),small,ood,0.3933986127376556,0.1600859463214874,0.825941639021039,4000,ood_par_kernel.h5,10000,299850,393.55845313332975,200,0.001,64,50,50,
Framework2,Param_wave,deeponet,DeepONet (coeff concat),small,ood,0.4459238946437835,0.1881515085697174,0.8260486740618944,4000,ood_par_scale.h5,10000,299850,393.55845313332975,200,0.001,64,50,50,
Framework2,Param_wave,deeponet,DeepONet (coeff concat),small,ood,0.2752622663974762,0.0951222255825996,0.8254365622997284,4000,ood_par_var.h5,10000,299850,393.55845313332975,200,0.001,64,50,50,
Framework2,Param_wave,deeponet,DeepONet (coeff concat),medium,test,0.1819890290498733,0.0699988380074501,3.7661104779690495,4000,,10000,2159700,1127.1388110611588,200,0.001,64,100,100,
Framework2,Param_wave,deeponet,DeepONet (coeff concat),medium,ood,0.4209993779659271,0.20721335709095,3.758155133575201,4000,ood_init.h5,10000,2159700,1127.1388110611588,200,0.001,64,100,100,
Framework2,Param_wave,deeponet,DeepONet (coeff concat),medium,ood,1.0816656351089478,0.1457473635673523,3.775146191939712,4000,ood_par_init.h5,10000,2159700,1127.1388110611588,200,0.001,64,100,100,
Framework2,Param_wave,deeponet,DeepONet (coeff concat),medium,ood,0.3587470054626465,0.170772910118103,3.7806320283561945,4000,ood_par_kernel.h5,10000,2159700,1127.1388110611588,200,0.001,64,100,100,
Framework2,Param_wave,deeponet,DeepONet (coeff concat),medium,ood,0.4241204261779785,0.1992174088954925,3.756743272766471,4000,ood_par_scale.h5,10000,2159700,1127.1388110611588,200,0.001,64,100,100,
Framework2,Param_wave,deeponet,DeepONet (coeff concat),medium,ood,0.1743105500936508,0.0670237094163894,3.767402093857527,4000,ood_par_var.h5,10000,2159700,1127.1388110611588,200,0.001,64,100,100,
Framework2,Param_wave,deeponet,DeepONet (coeff concat),large,test,0.205395221710205,0.0749427750706672,12.983225556090474,4000,,10000,9504350,3097.7585587762296,200,0.001,64,150,150,
Framework2,Param_wave,deeponet,DeepONet (coeff concat),large,ood,0.4262945652008056,0.2012959122657776,12.967871770262718,4000,ood_init.h5,10000,9504350,3097.7585587762296,200,0.001,64,150,150,
Framework2,Param_wave,deeponet,DeepONet (coeff concat),large,ood,0.8561404347419739,0.163667619228363,12.967818636447191,4000,ood_par_init.h5,10000,9504350,3097.7585587762296,200,0.001,64,150,150,
Framework2,Param_wave,deeponet,DeepONet (coeff concat),large,ood,0.3766196072101593,0.1740022599697113,12.964154919609427,4000,ood_par_kernel.h5,10000,9504350,3097.7585587762296,200,0.001,64,150,150,
Framework2,Param_wave,deeponet,DeepONet (coeff concat),large,ood,0.4402598142623901,0.1949007213115692,12.968091202899814,4000,ood_par_scale.h5,10000,9504350,3097.7585587762296,200,0.001,64,150,150,
Framework2,Param_wave,deeponet,DeepONet (coeff concat),large,ood,0.2000717371702194,0.0726896971464157,12.967927441000938,4000,ood_par_var.h5,10000,9504350,3097.7585587762296,200,0.001,64,150,150,
Framework2,Param_wave,mionet,MIONet,small,test,0.2440694570541381,0.0828742757439613,0.1835823357105255,4000,,10000,69393,205.72822333313525,200,0.001,64,50,50,
Framework2,Param_wave,mionet,MIONet,small,ood,0.4273271560668945,0.1961708813905716,0.1739068869501352,4000,ood_init.h5,10000,69393,205.72822333313525,200,0.001,64,50,50,
Framework2,Param_wave,mionet,MIONet,small,ood,0.6365599632263184,0.1549476087093353,0.179486446082592,4000,ood_par_init.h5,10000,69393,205.72822333313525,200,0.001,64,50,50,
Framework2,Param_wave,mionet,MIONet,small,ood,0.3725066184997558,0.1699854284524917,0.1833671722561121,4000,ood_par_kernel.h5,10000,69393,205.72822333313525,200,0.001,64,50,50,
Framework2,Param_wave,mionet,MIONet,small,ood,0.4257894158363342,0.2017453610897064,0.1737624257802963,4000,ood_par_scale.h5,10000,69393,205.72822333313525,200,0.001,64,50,50,
Framework2,Param_wave,mionet,MIONet,small,ood,0.2339306473731994,0.0820647105574607,0.1740520521998405,4000,ood_par_var.h5,10000,69393,205.72822333313525,200,0.001,64,50,50,
Framework2,Param_wave,mionet,MIONet,medium,test,0.1782762706279754,0.0783342272043228,0.1875120475888252,4000,,10000,237185,211.7693791408092,200,0.001,64,100,100,
Framework2,Param_wave,mionet,MIONet,medium,ood,0.4075600504875183,0.2049603313207626,0.1741171479225158,4000,ood_init.h5,10000,237185,211.7693791408092,200,0.001,64,100,100,
Framework2,Param_wave,mionet,MIONet,medium,ood,1.2128528356552124,0.5349918603897095,0.1723490376025438,4000,ood_par_init.h5,10000,237185,211.7693791408092,200,0.001,64,100,100,
Framework2,Param_wave,mionet,MIONet,medium,ood,0.3657758235931396,0.1846032738685608,0.1758372578769922,4000,ood_par_kernel.h5,10000,237185,211.7693791408092,200,0.001,64,100,100,
Framework2,Param_wave,mionet,MIONet,medium,ood,0.4461218118667602,0.2370859980583191,0.1854163315147161,4000,ood_par_scale.h5,10000,237185,211.7693791408092,200,0.001,64,100,100,
Framework2,Param_wave,mionet,MIONet,medium,ood,0.16485296189785,0.0718728080391883,0.1827845964580774,4000,ood_par_var.h5,10000,237185,211.7693791408092,200,0.001,64,100,100,
Framework2,Param_wave,mionet,MIONet,large,test,0.1275453418493271,0.0533338822424411,0.1962780244648456,4000,,10000,867969,218.78248799033463,200,0.001,64,150,150,
Framework2,Param_wave,mionet,MIONet,large,ood,0.3971242010593414,0.2108912318944931,0.1779096629470586,4000,ood_init.h5,10000,867969,218.78248799033463,200,0.001,64,150,150,
Framework2,Param_wave,mionet,MIONet,large,ood,1.9047659635543823,0.9832395911216736,0.186660811305046,4000,ood_par_init.h5,10000,867969,218.78248799033463,200,0.001,64,150,150,
Framework2,Param_wave,mionet,MIONet,large,ood,0.3786131739616394,0.2040458470582962,0.1780037116259336,4000,ood_par_kernel.h5,10000,867969,218.78248799033463,200,0.001,64,150,150,
Framework2,Param_wave,mionet,MIONet,large,ood,0.4756908714771271,0.2641662955284118,0.1878125611692667,4000,ood_par_scale.h5,10000,867969,218.78248799033463,200,0.001,64,150,150,
Framework2,Param_wave,mionet,MIONet,large,ood,0.1226991787552833,0.0568413883447647,0.1855297423899173,4000,ood_par_var.h5,10000,867969,218.78248799033463,200,0.001,64,150,150,
Framework2,Param_wave,mno,MNO,small,test,0.3866969048976898,0.1721944659948349,0.1896640639752149,4000,,10000,584105,268.20630612783134,200,0.001,64,20,10,5.0
Framework2,Param_wave,mno,MNO,small,ood,0.465901255607605,0.1952807456254959,0.1898387987166643,4000,ood_init.h5,10000,584105,268.20630612783134,200,0.001,64,20,10,5.0
Framework2,Param_wave,mno,MNO,small,ood,0.5884023904800415,0.1489179581403732,0.1901040598750114,4000,ood_par_init.h5,10000,584105,268.20630612783134,200,0.001,64,20,10,5.0
Framework2,Param_wave,mno,MNO,small,ood,0.424742728471756,0.1904844492673874,0.1889816801995039,4000,ood_par_kernel.h5,10000,584105,268.20630612783134,200,0.001,64,20,10,5.0
Framework2,Param_wave,mno,MNO,small,ood,0.4599407911300659,0.2133539021015167,0.1904304269701242,4000,ood_par_scale.h5,10000,584105,268.20630612783134,200,0.001,64,20,10,5.0
Framework2,Param_wave,mno,MNO,small,ood,0.3526261448860168,0.1610696613788604,0.1886310037225484,4000,ood_par_var.h5,10000,584105,268.20630612783134,200,0.001,64,20,10,5.0
Framework2,Param_wave,mno,MNO,medium,test,0.3228306770324707,0.1431758999824524,0.1928979754447937,4000,,10000,1211210,265.5735001713037,200,0.001,64,20,20,10.0
Framework2,Param_wave,mno,MNO,medium,ood,0.4498366713523865,0.1948516070842743,0.19172746501863,4000,ood_init.h5,10000,1211210,265.5735001713037,200,0.001,64,20,20,10.0
Framework2,Param_wave,mno,MNO,medium,ood,0.5361618399620056,0.093605913221836,0.1895966567099094,4000,ood_par_init.h5,10000,1211210,265.5735001713037,200,0.001,64,20,20,10.0
Framework2,Param_wave,mno,MNO,medium,ood,0.4192070960998535,0.1918676793575287,0.1984125487506389,4000,ood_par_kernel.h5,10000,1211210,265.5735001713037,200,0.001,64,20,20,10.0
Framework2,Param_wave,mno,MNO,medium,ood,0.4779722392559051,0.2221058309078216,0.189753970131278,4000,ood_par_scale.h5,10000,1211210,265.5735001713037,200,0.001,64,20,20,10.0
Framework2,Param_wave,mno,MNO,medium,ood,0.2993612885475158,0.1469512730836868,0.1923585850745439,4000,ood_par_var.h5,10000,1211210,265.5735001713037,200,0.001,64,20,20,10.0
Framework2,Param_wave,mno,MNO,large,test,0.2504234611988067,0.1175343692302703,0.2106056790798902,4000,,10000,16689840,275.9808573331684,200,0.001,64,20,100,40.0
Framework2,Param_wave,mno,MNO,large,ood,0.433658629655838,0.2027481645345688,0.2094544284045696,4000,ood_init.h5,10000,16689840,275.9808573331684,200,0.001,64,20,100,40.0
Framework2,Param_wave,mno,MNO,large,ood,0.7383717894554138,0.1956248432397842,0.2114012110978365,4000,ood_par_init.h5,10000,16689840,275.9808573331684,200,0.001,64,20,100,40.0
Framework2,Param_wave,mno,MNO,large,ood,0.4695715308189392,0.2701573073863983,0.2063929121941328,4000,ood_par_kernel.h5,10000,16689840,275.9808573331684,200,0.001,64,20,100,40.0
Framework2,Param_wave,mno,MNO,large,ood,0.5372279286384583,0.288105845451355,0.2065449357032776,4000,ood_par_scale.h5,10000,16689840,275.9808573331684,200,0.001,64,20,100,40.0
Framework2,Param_wave,mno,MNO,large,ood,0.225797489285469,0.1079275384545326,0.2156645450741052,4000,ood_par_var.h5,10000,16689840,275.9808573331684,200,0.001,64,20,100,40.0
Framework1,Conservation_law,deeponet_nocoef,DeepONet (no coeff),small,test,0.0528741367161273,0.0259880758821964,0.0737925972789526,1600,,6400,293450,136.05114123038948,200,0.001,64,50,50,
Framework1,Conservation_law,deeponet_nocoef,DeepONet (no coeff),small,ood,0.0922224521636962,0.0618132911622524,0.0360790025442838,800,ood.h5,6400,293450,136.05114123038948,200,0.001,64,50,50,
Framework1,Conservation_law,deeponet_nocoef,DeepONet (no coeff),medium,test,0.0581405386328697,0.0248386431485414,0.0759056881070137,1600,,6400,2146900,135.48406879231334,200,0.001,64,100,100,
Framework1,Conservation_law,deeponet_nocoef,DeepONet (no coeff),medium,ood,0.0955660566687583,0.0599499009549617,0.0370600931346416,800,ood.h5,6400,2146900,135.48406879231334,200,0.001,64,100,100,
Framework1,Conservation_law,deeponet_nocoef,DeepONet (no coeff),large,test,0.0661707520484924,0.0236429348587989,0.078690018504858,1600,,6400,9478750,137.68354950658977,200,0.001,64,150,150,
Framework1,Conservation_law,deeponet_nocoef,DeepONet (no coeff),large,ood,0.1009363830089569,0.0572376810014247,0.0382673386484384,800,ood.h5,6400,9478750,137.68354950658977,200,0.001,64,150,150,
Framework1,Conservation_law,deeponet,DeepONet (coeff concat),small,test,0.0395587794482708,0.007404041942209,0.3343543447554111,1600,,6400,293850,250.4458408411592,200,0.001,64,50,50,
Framework1,Conservation_law,deeponet,DeepONet (coeff concat),small,ood,0.0555688291788101,0.0275059640407562,0.1661675330251455,800,ood.h5,6400,293850,250.4458408411592,200,0.001,64,50,50,
Framework1,Conservation_law,deeponet,DeepONet (coeff concat),medium,test,0.0433307848870754,0.008567432872951,1.4999872334301472,1600,,6400,2147700,726.063385464251,200,0.001,64,100,100,
Framework1,Conservation_law,deeponet,DeepONet (coeff concat),medium,ood,0.0603651143610477,0.028391171246767,0.7566551752388477,800,ood.h5,6400,2147700,726.063385464251,200,0.001,64,100,100,
Framework1,Conservation_law,deeponet,DeepONet (coeff concat),large,test,0.0803087204694747,0.016320077702403,5.2032371405512094,1600,,6400,9480350,1998.825703088194,200,0.001,64,150,150,
Framework1,Conservation_law,deeponet,DeepONet (coeff concat),large,ood,0.0966224446892738,0.0321930535137653,2.600974900647998,800,ood.h5,6400,9480350,1998.825703088194,200,0.001,64,150,150,
Framework1,Conservation_law,mionet,MIONet,small,test,0.0475013554096221,0.0100590558722615,0.0753939356654882,1600,,6400,63393,142.2638752218336,200,0.001,64,50,50,
Framework1,Conservation_law,mionet,MIONet,small,ood,0.0758531764149665,0.0497524291276931,0.0365708339959383,800,ood.h5,6400,63393,142.2638752218336,200,0.001,64,50,50,
Framework1,Conservation_law,mionet,MIONet,medium,test,0.0293909311294555,0.0058049648068845,0.0761240031570196,1600,,6400,225185,142.11842610687015,200,0.001,64,100,100,
Framework1,Conservation_law,mionet,MIONet,medium,ood,0.0575957484543323,0.0518541447818279,0.036747183650732,800,ood.h5,6400,225185,142.11842610687015,200,0.001,64,100,100,
Framework1,Conservation_law,mionet,MIONet,large,test,0.0296131297945976,0.0054593551903963,0.0753922052681446,1600,,6400,843969,143.23120655864477,200,0.001,64,150,150,
Framework1,Conservation_law,mionet,MIONet,large,ood,0.0564482100307941,0.0475104972720146,0.03706612624228,800,ood.h5,6400,843969,143.23120655864477,200,0.001,64,150,150,
Framework1,Conservation_law,mno,MNO,small,test,0.0210214145481586,0.0056259124539792,0.0795661527663469,1600,,6400,572105,169.5885750129819,200,0.001,64,20,10,5.0
Framework1,Conservation_law,mno,MNO,small,ood,0.0445733703672885,0.036195084452629,0.0398832038044929,800,ood.h5,6400,572105,169.5885750129819,200,0.001,64,20,10,5.0
Framework1,Conservation_law,mno,MNO,medium,test,0.0211483668535947,0.0063828164711594,0.0800241287797689,1600,,6400,1199210,170.06464971229434,200,0.001,64,20,20,10.0
Framework1,Conservation_law,mno,MNO,medium,ood,0.0488626100122928,0.0360479056835174,0.0402253773063421,800,ood.h5,6400,1199210,170.06464971229434,200,0.001,64,20,20,10.0
Framework1,Conservation_law,mno,MNO,large,test,0.0184121504426002,0.0034272579941898,0.0861858241260051,1600,,6400,16677840,175.31990206986666,200,0.001,64,20,100,40.0
Framework1,Conservation_law,mno,MNO,large,ood,0.0397133491933345,0.0408850386738777,0.0431050900369882,800,ood.h5,6400,16677840,175.31990206986666,200,0.001,64,20,100,40.0
Framework1,DiffReacAdv,deeponet_nocoef,DeepONet (no coeff),small,test,0.1230581700801849,0.0467021726071834,0.0859956555068492,1600,,6400,293450,140.51289966516197,200,0.001,64,50,50,
Framework1,DiffReacAdv,deeponet_nocoef,DeepONet (no coeff),small,ood,0.2056964933872223,0.0831739380955696,0.0361042972654104,800,ood.h5,6400,293450,140.51289966516197,200,0.001,64,50,50,
Framework1,DiffReacAdv,deeponet_nocoef,DeepONet (no coeff),medium,test,0.1256809830665588,0.0460307076573371,0.0773975942283868,1600,,6400,2146900,141.10572520457208,200,0.001,64,100,100,
Framework1,DiffReacAdv,deeponet_nocoef,DeepONet (no coeff),medium,ood,0.2060703337192535,0.0818916112184524,0.0374623425304889,800,ood.h5,6400,2146900,141.10572520457208,200,0.001,64,100,100,
Framework1,DiffReacAdv,deeponet_nocoef,DeepONet (no coeff),large,test,0.1280328631401062,0.0445137880742549,0.0798380430787801,1600,,6400,9478750,143.62269622273743,200,0.001,64,150,150,
Framework1,DiffReacAdv,deeponet_nocoef,DeepONet (no coeff),large,ood,0.2063072025775909,0.0791820362210273,0.0382691472768783,800,ood.h5,6400,9478750,143.62269622273743,200,0.001,64,150,150,
Framework1,DiffReacAdv,deeponet,DeepONet (coeff concat),small,test,0.0288702845573425,0.0062734191305935,0.3340535685420036,1600,,6400,293950,251.24733377993107,200,0.001,64,50,50,
Framework1,DiffReacAdv,deeponet,DeepONet (coeff concat),small,ood,0.0661092698574066,0.0359461493790149,0.1673241518437862,800,ood.h5,6400,293950,251.24733377993107,200,0.001,64,50,50,
Framework1,DiffReacAdv,deeponet,DeepONet (coeff concat),medium,test,0.0436200723052024,0.0117350500077009,1.521586123853922,1600,,6400,2147900,717.9595154635608,200,0.001,64,100,100,
Framework1,DiffReacAdv,deeponet,DeepONet (coeff concat),medium,ood,0.0852527394890785,0.0371545515954494,0.7558402102440596,800,ood.h5,6400,2147900,717.9595154635608,200,0.001,64,100,100,
Framework1,DiffReacAdv,deeponet,DeepONet (coeff concat),large,test,0.041774287819862366,0.011158923618495464,4.579355591908097,1600,,6400,9480750,2149.080051511526,200,0.001,64,150,150,
Framework1,DiffReacAdv,deeponet,DeepONet (coeff concat),large,ood,0.08280443400144577,0.03574104979634285,2.27889896184206,800,ood.h5,6400,9480750,2149.080051511526,200,0.001,64,150,150,
Framework1,DiffReacAdv,mionet,MIONet,small,test,0.04051407426595688,0.010049073956906796,0.25788116082549095,1600,,6400,63493,165.86171790398657,200,0.001,64,50,50,
Framework1,DiffReacAdv,mionet,MIONet,small,ood,0.10517618805170059,0.06669168919324875,0.12667975947260857,800,ood.h5,6400,63493,165.86171790398657,200,0.001,64,50,50,
Framework1,DiffReacAdv,mionet,MIONet,medium,test,0.025637831538915634,0.005997835658490658,0.5325025804340839,1600,,6400,225385,162.55903635546565,200,0.001,64,100,100,
Framework1,DiffReacAdv,mionet,MIONet,medium,ood,0.08277930319309235,0.05851791426539421,0.24823377095162868,800,ood.h5,6400,225385,162.55903635546565,200,0.001,64,100,100,
Framework1,DiffReacAdv,mionet,MIONet,large,test,0.02041558176279068,0.005840014666318893,0.5526165422052145,1600,,6400,844369,205.18030266836286,200,0.001,64,150,150,
Framework1,DiffReacAdv,mionet,MIONet,large,ood,0.07156430184841156,0.05140271782875061,0.24832681939005852,800,ood.h5,6400,844369,205.18030266836286,200,0.001,64,150,150,
Framework1,DiffReacAdv,mno,MNO,small,test,0.038921236991882324,0.012756559066474438,0.24173109233379364,1600,,6400,572305,186.05309228040278,200,0.001,64,20,10,5.0
Framework1,DiffReacAdv,mno,MNO,small,ood,0.09936733543872833,0.05521159619092941,0.1223362348973751,800,ood.h5,6400,572305,186.05309228040278,200,0.001,64,20,10,5.0
Framework1,DiffReacAdv,mno,MNO,medium,test,0.025072770193219185,0.00932231079787016,0.23926753737032413,1600,,6400,1199410,174.40390926413238,200,0.001,64,20,20,10.0
Framework1,DiffReacAdv,mno,MNO,medium,ood,0.08274173736572266,0.055294692516326904,0.12139802984893322,800,ood.h5,6400,1199410,174.40390926413238,200,0.001,64,20,20,10.0
Framework1,DiffReacAdv,mno,MNO,large,test,0.012065901421010494,0.00339394505135715,0.3326766788959503,1600,,6400,16678040,192.97128108516335,200,0.001,64,20,100,40.0
Framework1,DiffReacAdv,mno,MNO,large,ood,0.06584981828927994,0.05855036526918411,0.16562783904373646,800,ood.h5,6400,16678040,192.97128108516335,200,0.001,64,20,100,40.0
Framework1,Nonlinear_Klein_Gordon,deeponet_nocoef,DeepONet (no coeff),small,test,0.3053557276725769,0.119510218501091,0.2499779686331749,1600,,6400,293450,164.87072960659862,200,0.001,64,50,50,
Framework1,Nonlinear_Klein_Gordon,deeponet_nocoef,DeepONet (no coeff),small,ood,0.4604760408401489,0.1950376182794571,0.12443844974040985,800,ood.h5,6400,293450,164.87072960659862,200,0.001,64,50,50,
Framework1,Nonlinear_Klein_Gordon,deeponet_nocoef,DeepONet (no coeff),medium,test,0.2965090274810791,0.12627160549163818,0.25313612073659897,1600,,6400,2146900,161.6396190393716,200,0.001,64,100,100,
Framework1,Nonlinear_Klein_Gordon,deeponet_nocoef,DeepONet (no coeff),medium,ood,0.45908424258232117,0.20440419018268585,0.1287763062864542,800,ood.h5,6400,2146900,161.6396190393716,200,0.001,64,100,100,
Framework1,Nonlinear_Klein_Gordon,deeponet_nocoef,DeepONet (no coeff),large,test,0.29939499497413635,0.12530197203159332,0.2403617724776268,1600,,6400,9478750,162.38889344409108,200,0.001,64,150,150,
Framework1,Nonlinear_Klein_Gordon,deeponet_nocoef,DeepONet (no coeff),large,ood,0.45931875705718994,0.20067179203033447,0.11638319492340088,800,ood.h5,6400,9478750,162.38889344409108,200,0.001,64,150,150,
Framework1,Nonlinear_Klein_Gordon,deeponet,DeepONet (coeff concat),small,test,0.12172488868236542,0.036404769867658615,0.38385009206831455,1600,,6400,293750,292.82230019569397,200,0.001,64,50,50,
Framework1,Nonlinear_Klein_Gordon,deeponet,DeepONet (coeff concat),small,ood,0.22058002650737762,0.14836819469928741,0.1911091562360525,800,ood.h5,6400,293750,292.82230019569397,200,0.001,64,50,50,
Framework1,Nonlinear_Klein_Gordon,deeponet,DeepONet (coeff concat),medium,test,0.1512933224439621,0.04875071346759796,1.3996138107031584,1600,,6400,2147500,981.2875004671514,200,0.001,64,100,100,
Framework1,Nonlinear_Klein_Gordon,deeponet,DeepONet (coeff concat),medium,ood,0.250800222158432,0.14536155760288239,0.6933548953384161,800,ood.h5,6400,2147500,981.2875004671514,200,0.001,64,100,100,
Framework1,Nonlinear_Klein_Gordon,deeponet,DeepONet (coeff concat),large,test,0.15042904019355774,0.04836006462574005,4.553831614553928,1600,,6400,9479950,2712.843568444252,200,0.001,64,150,150,
Framework1,Nonlinear_Klein_Gordon,deeponet,DeepONet (coeff concat),large,ood,0.24780192971229553,0.14654995501041412,2.282036578282714,800,ood.h5,6400,9479950,2712.843568444252,200,0.001,64,150,150,
Framework1,Nonlinear_Klein_Gordon,mionet,MIONet,small,test,0.1617545634508133,0.04922184348106384,0.26674170047044754,1600,,6400,63293,146.83790928311646,200,0.001,64,50,50,
Framework1,Nonlinear_Klein_Gordon,mionet,MIONet,small,ood,0.2785283625125885,0.18021456897258759,0.13078642450273037,800,ood.h5,6400,63293,146.83790928311646,200,0.001,64,50,50,
Framework1,Nonlinear_Klein_Gordon,mionet,MIONet,medium,test,0.12215747684240341,0.034544218331575394,0.2635627631098032,1600,,6400,224985,161.7949723917991,200,0.001,64,100,100,
Framework1,Nonlinear_Klein_Gordon,mionet,MIONet,medium,ood,0.2628248631954193,0.20995719730854034,0.1296023726463318,800,ood.h5,6400,224985,161.7949723917991,200,0.001,64,100,100,
Framework1,Nonlinear_Klein_Gordon,mionet,MIONet,large,test,0.05314479023218155,0.013006726279854774,0.25095121189951897,1600,,6400,843569,167.88429450057447,200,0.001,64,150,150,
Framework1,Nonlinear_Klein_Gordon,mionet,MIONet,large,ood,0.1987493634223938,0.21748633682727814,0.12579295225441456,800,ood.h5,6400,843569,167.88429450057447,200,0.001,64,150,150,
Framework1,Nonlinear_Klein_Gordon,mno,MNO,small,test,0.12379270792007446,0.05322782322764397,0.3047390002757311,1600,,6400,571905,192.7350836582482,200,0.001,64,20,10,5.0
Framework1,Nonlinear_Klein_Gordon,mno,MNO,small,ood,0.2748495936393738,0.20102737843990326,0.15791084244847298,800,ood.h5,6400,571905,192.7350836582482,200,0.001,64,20,10,5.0
Framework1,Nonlinear_Klein_Gordon,mno,MNO,medium,test,0.046324223279953,0.014625624753534794,0.3049295637756586,1600,,6400,1199010,196.71920366957784,200,0.001,64,20,20,10.0
Framework1,Nonlinear_Klein_Gordon,mno,MNO,medium,ood,0.18498481810092926,0.1936284899711609,0.15853996947407722,800,ood.h5,6400,1199010,196.71920366957784,200,0.001,64,20,20,10.0
Framework1,Nonlinear_Klein_Gordon,mno,MNO,large,test,0.050077784806489944,0.020098749548196793,0.7258523553609848,1600,,6400,16677640,182.3719266988337,200,0.001,64,20,100,40.0
Framework1,Nonlinear_Klein_Gordon,mno,MNO,large,ood,0.18413224816322327,0.19770114123821259,0.3261575121432543,800,ood.h5,6400,16677640,182.3719266988337,200,0.001,64,20,100,40.0
Framework1,Param_DiffReac,deeponet_nocoef,DeepONet (no coeff),small,test,0.07190462946891785,0.023833591490983963,0.16221662424504757,1600,,6400,293450,195.07860507629812,200,0.001,64,50,50,
Framework1,Param_DiffReac,deeponet_nocoef,DeepONet (no coeff),small,ood,0.056028977036476135,0.017119942232966423,0.0816920530050993,800,ood_matern.h5,6400,293450,195.07860507629812,200,0.001,64,50,50,
Framework1,Param_DiffReac,deeponet_nocoef,DeepONet (no coeff),small,ood,0.05646916478872299,0.015590292401611805,0.08159596286714077,800,ood_scale.h5,6400,293450,195.07860507629812,200,0.001,64,50,50,
Framework1,Param_DiffReac,deeponet_nocoef,DeepONet (no coeff),small,ood,0.07171640545129776,0.02415459044277668,0.08219554275274277,800,ood_var.h5,6400,293450,195.07860507629812,200,0.001,64,50,50,
Framework1,Param_DiffReac,deeponet_nocoef,DeepONet (no coeff),medium,test,0.07128820568323135,0.02418951503932476,0.2476800363510847,1600,,6400,2146900,147.17790214531124,200,0.001,64,100,100,
Framework1,Param_DiffReac,deeponet_nocoef,DeepONet (no coeff),medium,ood,0.05484865605831146,0.01688230037689209,0.12219199910759926,800,ood_matern.h5,6400,2146900,147.17790214531124,200,0.001,64,100,100,
Framework1,Param_DiffReac,deeponet_nocoef,DeepONet (no coeff),medium,ood,0.05583424121141434,0.015989547595381737,0.12579692155122757,800,ood_scale.h5,6400,2146900,147.17790214531124,200,0.001,64,100,100,
Framework1,Param_DiffReac,deeponet_nocoef,DeepONet (no coeff),medium,ood,0.07150708884000778,0.025172067806124687,0.12454305216670036,800,ood_var.h5,6400,2146900,147.17790214531124,200,0.001,64,100,100,
Framework1,Param_DiffReac,deeponet_nocoef,DeepONet (no coeff),large,test,0.07396290451288223,0.02424890547990799,0.16302116587758064,1600,,6400,9478750,152.42365168221295,200,0.001,64,150,150,
Framework1,Param_DiffReac,deeponet_nocoef,DeepONet (no coeff),large,ood,0.05766890570521355,0.017271099612116814,0.08170273527503014,800,ood_matern.h5,6400,9478750,152.42365168221295,200,0.001,64,150,150,
Framework1,Param_DiffReac,deeponet_nocoef,DeepONet (no coeff),large,ood,0.05833425372838974,0.016393890604376793,0.0807226411998272,800,ood_scale.h5,6400,9478750,152.42365168221295,200,0.001,64,150,150,
Framework1,Param_DiffReac,deeponet_nocoef,DeepONet (no coeff),large,ood,0.07359426468610764,0.025285014882683754,0.08037430420517921,800,ood_var.h5,6400,9478750,152.42365168221295,200,0.001,64,150,150,
Framework1,Param_DiffReac,deeponet,DeepONet (coeff concat),small,test,0.023653719574213028,0.0078004454262554646,0.54711127653718,1600,,6400,306350,399.6730985660106,200,0.001,64,50,50,
Framework1,Param_DiffReac,deeponet,DeepONet (coeff concat),small,ood,0.04239051789045334,0.014289479702711105,0.26829464361071587,800,ood_matern.h5,6400,306350,399.6730985660106,200,0.001,64,50,50,
Framework1,Param_DiffReac,deeponet,DeepONet (coeff concat),small,ood,0.04684648662805557,0.014430255629122257,0.26981664821505547,800,ood_scale.h5,6400,306350,399.6730985660106,200,0.001,64,50,50,
Framework1,Param_DiffReac,deeponet,DeepONet (coeff concat),small,ood,0.024509437382221222,0.00852076057344675,0.26834854297339916,800,ood_var.h5,6400,306350,399.6730985660106,200,0.001,64,50,50,
Framework1,Param_DiffReac,deeponet,DeepONet (coeff concat),medium,test,0.02221338264644146,0.008773892186582088,1.85239196754992,1600,,6400,2172700,1034.6032840367407,200,0.001,64,100,100,
Framework1,Param_DiffReac,deeponet,DeepONet (coeff concat),medium,ood,0.041888367384672165,0.014071322046220303,0.9238600339740515,800,ood_matern.h5,6400,2172700,1034.6032840367407,200,0.001,64,100,100,
Framework1,Param_DiffReac,deeponet,DeepONet (coeff concat),medium,ood,0.04728991538286209,0.01444216538220644,0.9279176369309425,800,ood_scale.h5,6400,2172700,1034.6032840367407,200,0.001,64,100,100,
Framework1,Param_DiffReac,deeponet,DeepONet (coeff concat),medium,ood,0.023432442918419838,0.009884229861199856,0.9288646597415209,800,ood_var.h5,6400,2172700,1034.6032840367407,200,0.001,64,100,100,
Framework1,Param_DiffReac,deeponet,DeepONet (coeff concat),large,test,0.04372924193739891,0.013675201684236526,4.555829092860222,1600,,6400,9530350,2377.3661694210023,200,0.001,64,150,150,
Framework1,Param_DiffReac,deeponet,DeepONet (coeff concat),large,ood,0.05144694447517395,0.013903322629630566,2.326689448207617,800,ood_matern.h5,6400,9530350,2377.3661694210023,200,0.001,64,150,150,
Framework1,Param_DiffReac,deeponet,DeepONet (coeff concat),large,ood,0.055202241986989975,0.013225795701146126,2.320320000872016,800,ood_scale.h5,6400,9530350,2377.3661694210023,200,0.001,64,150,150,
Framework1,Param_DiffReac,deeponet,DeepONet (coeff concat),large,ood,0.04429168999195099,0.013017425313591957,2.291470643132925,800,ood_var.h5,6400,9530350,2377.3661694210023,200,0.001,64,150,150,
Framework1,Param_DiffReac,mionet,MIONet,small,test,0.028666343539953232,0.008545774966478348,0.1682547740638256,1600,,6400,75893,150.4035464618355,200,0.001,64,50,50,
Framework1,Param_DiffReac,mionet,MIONet,small,ood,0.08411063998937607,0.03551198169589043,0.0845047440379858,800,ood_matern.h5,6400,75893,150.4035464618355,200,0.001,64,50,50,
Framework1,Param_DiffReac,mionet,MIONet,small,ood,0.08135290443897247,0.031823236495256424,0.08336412347853184,800,ood_scale.h5,6400,75893,150.4035464618355,200,0.001,64,50,50,
Framework1,Param_DiffReac,mionet,MIONet,small,ood,0.029926471412181854,0.008828950114548206,0.08323889039456844,800,ood_var.h5,6400,75893,150.4035464618355,200,0.001,64,50,50,
Framework1,Param_DiffReac,mionet,MIONet,medium,test,0.019378919154405594,0.005499029997736216,0.25659018009901047,1600,,6400,250185,165.3703613653779,200,0.001,64,100,100,
Framework1,Param_DiffReac,mionet,MIONet,medium,ood,0.04487292468547821,0.015105003491044044,0.13006099127233028,800,ood_matern.h5,6400,250185,165.3703613653779,200,0.001,64,100,100,
Framework1,Param_DiffReac,mionet,MIONet,medium,ood,0.049430035054683685,0.014743817038834095,0.13413146324455738,800,ood_scale.h5,6400,250185,165.3703613653779,200,0.001,64,100,100,
Framework1,Param_DiffReac,mionet,MIONet,medium,ood,0.020413827151060104,0.006122066639363766,0.122928936034441,800,ood_var.h5,6400,250185,165.3703613653779,200,0.001,64,100,100,
Framework1,Param_DiffReac,mionet,MIONet,large,test,0.01676776632666588,0.005106804426759481,0.24847507290542126,1600,,6400,893969,171.18404618650675,200,0.001,64,150,150,
Framework1,Param_DiffReac,mionet,MIONet,large,ood,0.051083728671073914,0.023527007550001144,0.1266387142241001,800,ood_matern.h5,6400,893969,171.18404618650675,200,0.001,64,150,150,
Framework1,Param_DiffReac,mionet,MIONet,large,ood,0.06719791889190674,0.03210211172699928,0.13233867101371288,800,ood_scale.h5,6400,893969,171.18404618650675,200,0.001,64,150,150,
Framework1,Param_DiffReac,mionet,MIONet,large,ood,0.017604392021894455,0.005802928935736418,0.13188193552196026,800,ood_var.h5,6400,893969,171.18404618650675,200,0.001,64,150,150,
Framework1,Param_DiffReac,mno,MNO,small,test,0.051474105566740036,0.021876564249396324,0.30985237658023834,1600,,6400,597105,174.02029295638204,200,0.001,64,20,10,5.0
Framework1,Param_DiffReac,mno,MNO,small,ood,0.052598051726818085,0.016409320756793022,0.1595852766185999,800,ood_matern.h5,6400,597105,174.02029295638204,200,0.001,64,20,10,5.0
Framework1,Param_DiffReac,mno,MNO,small,ood,0.054828137159347534,0.01511385291814804,0.15995315089821815,800,ood_scale.h5,6400,597105,174.02029295638204,200,0.001,64,20,10,5.0
Framework1,Param_DiffReac,mno,MNO,small,ood,0.05529427528381348,0.023962508887052536,0.1599680446088314,800,ood_var.h5,6400,597105,174.02029295638204,200,0.001,64,20,10,5.0
Framework1,Param_DiffReac,mno,MNO,medium,test,0.023225126788020134,0.007938344031572342,0.2400196287781,1600,,6400,1224210,232.7737596090883,200,0.001,64,20,20,10.0
Framework1,Param_DiffReac,mno,MNO,medium,ood,0.042465005069971085,0.014976222068071365,0.12254410982131958,800,ood_matern.h5,6400,1224210,232.7737596090883,200,0.001,64,20,20,10.0
Framework1,Param_DiffReac,mno,MNO,medium,ood,0.04694388434290886,0.014913603663444519,0.1221414040774107,800,ood_scale.h5,6400,1224210,232.7737596090883,200,0.001,64,20,20,10.0
Framework1,Param_DiffReac,mno,MNO,medium,ood,0.023903146386146545,0.008065322414040565,0.125399736687541,800,ood_var.h5,6400,1224210,232.7737596090883,200,0.001,64,20,20,10.0
Framework1,Param_DiffReac,mno,MNO,large,test,0.013404110446572304,0.004961806815117598,0.3235244005918503,1600,,6400,16702840,185.54194604419172,200,0.001,64,20,100,40.0
Framework1,Param_DiffReac,mno,MNO,large,ood,0.041852470487356186,0.016167808324098587,0.16625665128231049,800,ood_matern.h5,6400,16702840,185.54194604419172,200,0.001,64,20,100,40.0
Framework1,Param_DiffReac,mno,MNO,large,ood,0.04676055908203125,0.015247329138219357,0.1665685549378395,800,ood_scale.h5,6400,16702840,185.54194604419172,200,0.001,64,20,100,40.0
Framework1,Param_DiffReac,mno,MNO,large,ood,0.014514094218611717,0.00621451623737812,0.16729085706174374,800,ood_var.h5,6400,16702840,185.54194604419172,200,0.001,64,20,100,40.0
Framework1,Parametric_Wave,deeponet_nocoef,DeepONet (no coeff),small,test,0.5383957028388977,0.17299595475196838,0.24890366941690445,1600,,6400,293450,144.76940678618848,200,0.001,64,50,50,
Framework1,Parametric_Wave,deeponet_nocoef,DeepONet (no coeff),small,ood,0.448130339384079,0.14147035777568817,0.12299313768744469,800,ood_matern.h5,6400,293450,144.76940678618848,200,0.001,64,50,50,
Framework1,Parametric_Wave,deeponet_nocoef,DeepONet (no coeff),small,ood,0.48233330249786377,0.19673123955726624,0.12689471989870071,800,ood_scale.h5,6400,293450,144.76940678618848,200,0.001,64,50,50,
Framework1,Parametric_Wave,deeponet_nocoef,DeepONet (no coeff),small,ood,0.5170890688896179,0.17239640653133392,0.13148855604231358,800,ood_var.h5,6400,293450,144.76940678618848,200,0.001,64,50,50,
Framework1,Parametric_Wave,deeponet_nocoef,DeepONet (no coeff),medium,test,0.5384715795516968,0.17449665069580078,0.24761473387479782,1600,,6400,2146900,164.69159464724362,200,0.001,64,100,100,
Framework1,Parametric_Wave,deeponet_nocoef,DeepONet (no coeff),medium,ood,0.44795742630958557,0.13984723389148712,0.12274942919611931,800,ood_matern.h5,6400,2146900,164.69159464724362,200,0.001,64,100,100,
Framework1,Parametric_Wave,deeponet_nocoef,DeepONet (no coeff),medium,ood,0.4835064709186554,0.19501394033432007,0.12337107211351395,800,ood_scale.h5,6400,2146900,164.69159464724362,200,0.001,64,100,100,
Framework1,Parametric_Wave,deeponet_nocoef,DeepONet (no coeff),medium,ood,0.5166541337966919,0.17416757345199585,0.12342599965631962,800,ood_var.h5,6400,2146900,164.69159464724362,200,0.001,64,100,100,
Framework1,Parametric_Wave,deeponet_nocoef,DeepONet (no coeff),large,test,0.5381461381912231,0.1778612583875656,0.16314831748604774,1600,,6400,9478750,161.12630387209356,200,0.001,64,150,150,
Framework1,Parametric_Wave,deeponet_nocoef,DeepONet (no coeff),large,ood,0.44530293345451355,0.1427711844444275,0.08127616345882416,800,ood_matern.h5,6400,9478750,161.12630387209356,200,0.001,64,150,150,
Framework1,Parametric_Wave,deeponet_nocoef,DeepONet (no coeff),large,ood,0.47965431213378906,0.19813202321529388,0.07998868450522423,800,ood_scale.h5,6400,9478750,161.12630387209356,200,0.001,64,150,150,
Framework1,Parametric_Wave,deeponet_nocoef,DeepONet (no coeff),large,ood,0.5163982510566711,0.17695502936840057,0.08022463507950306,800,ood_var.h5,6400,9478750,161.12630387209356,200,0.001,64,150,150,
Framework1,Parametric_Wave,deeponet,DeepONet (coeff concat),small,test,0.2676417827606201,0.10737860202789307,0.5433637443929911,1600,,6400,299850,277.46278720907867,200,0.001,64,50,50,
Framework1,Parametric_Wave,deeponet,DeepONet (coeff concat),small,ood,0.3921847641468048,0.1636064648628235,0.26502637565135956,800,ood_matern.h5,6400,299850,277.46278720907867,200,0.001,64,50,50,
Framework1,Parametric_Wave,deeponet,DeepONet (coeff concat),small,ood,0.4493243098258972,0.21723778545856476,0.2692557144910097,800,ood_scale.h5,6400,299850,277.46278720907867,200,0.001,64,50,50,
Framework1,Parametric_Wave,deeponet,DeepONet (coeff concat),small,ood,0.2533572018146515,0.0911017507314682,0.271694827824831,800,ood_var.h5,6400,299850,277.46278720907867,200,0.001,64,50,50,
Framework1,Parametric_Wave,deeponet,DeepONet (coeff concat),medium,test,0.17828823626041412,0.072898268699646,1.8534262869507074,1600,,6400,2159700,874.2522119991481,200,0.001,64,100,100,
Framework1,Parametric_Wave,deeponet,DeepONet (coeff concat),medium,ood,0.35913386940956116,0.17506247758865356,0.9260084200650454,800,ood_matern.h5,6400,2159700,874.2522119991481,200,0.001,64,100,100,
Framework1,Parametric_Wave,deeponet,DeepONet (coeff concat),medium,ood,0.4190530478954315,0.23913536965847015,0.939938934519887,800,ood_scale.h5,6400,2159700,874.2522119991481,200,0.001,64,100,100,
Framework1,Parametric_Wave,deeponet,DeepONet (coeff concat),medium,ood,0.17113453149795532,0.059839796274900436,0.9406004827469587,800,ood_var.h5,6400,2159700,874.2522119991481,200,0.001,64,100,100,
Framework1,Parametric_Wave,deeponet,DeepONet (coeff concat),large,test,0.20536956191062927,0.08986072987318039,4.541284693405032,1600,,6400,9504350,2455.6728621684015,200,0.001,64,150,150,
Framework1,Parametric_Wave,deeponet,DeepONet (coeff concat),large,ood,0.37502479553222656,0.16724254190921783,2.280044609680772,800,ood_matern.h5,6400,9504350,2455.6728621684015,200,0.001,64,150,150,
Framework1,Parametric_Wave,deeponet,DeepONet (coeff concat),large,ood,0.4398622214794159,0.2395109385251999,2.325766084715724,800,ood_scale.h5,6400,9504350,2455.6728621684015,200,0.001,64,150,150,
Framework1,Parametric_Wave,deeponet,DeepONet (coeff concat),large,ood,0.19332626461982727,0.07030194252729416,2.2783800289034843,800,ood_var.h5,6400,9504350,2455.6728621684015,200,0.001,64,150,150,
Framework1,Parametric_Wave,mionet,MIONet,small,test,0.28186503052711487,0.1057174876332283,0.26813426055014133,1600,,6400,69393,167.22773300483823,200,0.001,64,50,50,
Framework1,Parametric_Wave,mionet,MIONet,small,ood,0.39702117443084717,0.16796979308128357,0.13453857973217964,800,ood_matern.h5,6400,69393,167.22773300483823,200,0.001,64,50,50,
Framework1,Parametric_Wave,mionet,MIONet,small,ood,0.47398826479911804,0.2255011349916458,0.13066599890589714,800,ood_scale.h5,6400,69393,167.22773300483823,200,0.001,64,50,50,
Framework1,Parametric_Wave,mionet,MIONet,small,ood,0.26552388072013855,0.08637821674346924,0.12523868680000305,800,ood_var.h5,6400,69393,167.22773300483823,200,0.001,64,50,50,
Framework1,Parametric_Wave,mionet,MIONet,medium,test,0.1803128868341446,0.06722642481327057,0.26637635193765163,1600,,6400,237185,160.9853709693998,200,0.001,64,100,100,
Framework1,Parametric_Wave,mionet,MIONet,medium,ood,0.38066235184669495,0.1770259588956833,0.13375011645257473,800,ood_matern.h5,6400,237185,160.9853709693998,200,0.001,64,100,100,
Framework1,Parametric_Wave,mionet,MIONet,medium,ood,0.4735810160636902,0.24905142188072205,0.13176988996565342,800,ood_scale.h5,6400,237185,160.9853709693998,200,0.001,64,100,100,
Framework1,Parametric_Wave,mionet,MIONet,medium,ood,0.17604076862335205,0.05635454133152962,0.12980795837938786,800,ood_var.h5,6400,237185,160.9853709693998,200,0.001,64,100,100,
Framework1,Parametric_Wave,mionet,MIONet,large,test,0.14154943823814392,0.05720522627234459,0.26291600801050663,1600,,6400,867969,163.45195847190917,200,0.001,64,150,150,
Framework1,Parametric_Wave,mionet,MIONet,large,ood,0.3607959449291229,0.19119223952293396,0.1338669080287218,800,ood_matern.h5,6400,867969,163.45195847190917,200,0.001,64,150,150,
Framework1,Parametric_Wave,mionet,MIONet,large,ood,0.48171675205230713,0.27675193548202515,0.12998639978468418,800,ood_scale.h5,6400,867969,163.45195847190917,200,0.001,64,150,150,
Framework1,Parametric_Wave,mionet,MIONet,large,ood,0.13668906688690186,0.047338418662548065,0.13241325318813324,800,ood_var.h5,6400,867969,163.45195847190917,200,0.001,64,150,150,
Framework1,Parametric_Wave,mno,MNO,small,test,0.3142208755016327,0.13762938976287842,0.2522286232560873,1600,,6400,584105,158.4217953979969,200,0.001,64,20,10,5.0
Framework1,Parametric_Wave,mno,MNO,small,ood,0.39934027194976807,0.19196011126041412,0.12735410779714584,800,ood_matern.h5,6400,584105,158.4217953979969,200,0.001,64,20,10,5.0
Framework1,Parametric_Wave,mno,MNO,small,ood,0.4567602276802063,0.21695996820926666,0.12607732601463795,800,ood_scale.h5,6400,584105,158.4217953979969,200,0.001,64,20,10,5.0
Framework1,Parametric_Wave,mno,MNO,small,ood,0.3032139241695404,0.11802015453577042,0.1266035083681345,800,ood_var.h5,6400,584105,158.4217953979969,200,0.001,64,20,10,5.0
Framework1,Parametric_Wave,mno,MNO,medium,test,0.31785136461257935,0.1304921954870224,0.5422642156481743,1600,,6400,1211210,210.8591179791838,200,0.001,64,20,20,10.0
Framework1,Parametric_Wave,mno,MNO,medium,ood,0.3839622735977173,0.16513420641422272,0.2757344674319029,800,ood_matern.h5,6400,1211210,210.8591179791838,200,0.001,64,20,20,10.0
Framework1,Parametric_Wave,mno,MNO,medium,ood,0.45086508989334106,0.2197476625442505,0.2920670863240957,800,ood_scale.h5,6400,1211210,210.8591179791838,200,0.001,64,20,20,10.0
Framework1,Parametric_Wave,mno,MNO,medium,ood,0.30764520168304443,0.11635338515043259,0.27903033792972565,800,ood_var.h5,6400,1211210,210.8591179791838,200,0.001,64,20,20,10.0
Framework1,Parametric_Wave,mno,MNO,large,test,0.19464616477489471,0.08380197733640671,0.24092104099690914,1600,,6400,16689840,179.2411836180836,200,0.001,64,20,100,40.0
Framework1,Parametric_Wave,mno,MNO,large,ood,0.40087181329727173,0.19751617312431335,0.12306091003119946,800,ood_matern.h5,6400,16689840,179.2411836180836,200,0.001,64,20,100,40.0
Framework1,Parametric_Wave,mno,MNO,large,ood,0.46279311180114746,0.2427382618188858,0.1224873699247837,800,ood_scale.h5,6400,16689840,179.2411836180836,200,0.001,64,20,100,40.0
Framework1,Parametric_Wave,mno,MNO,large,ood,0.18596939742565155,0.07188744843006134,0.12331180460751057,800,ood_var.h5,6400,16689840,179.2411836180836,200,0.001,64,20,100,40.0
